Akun,Tweet,Lokasi
https://twitter.com/sutiknopkb,"Budal Gus @cakiminow untuk Indonesia yang lebih baik, adil dan sejahtera..

#budalgus 
#cakimin 
#sutikno
#sutiknopkb https://t.co/0eJ1YeJPZw",
https://twitter.com/rmp_officials,"InsyaAllah pemilu tetap 2024 dengan sistem Proporsional Terbuka!

#CakImin #GusMuhaimin #Muhaimin #MuhaiminIskandar #Capres2024 #Pilpres2024 https://t.co/JBhsLDeiqf",
https://twitter.com/ahmadhellishfau,#JokowiCakImin #JoinKepri2019 #NasionalisReligius FOLLOW | RETWEET | LIKE | KOMEN Jokowi-CakImin https://t.co/Oe3nSduYnS,
https://twitter.com/rmp_officials,"Bismillah Allahumma mderek poro ulama!

#CakImin #GusMuhaimin #Muhaimin #MuhaiminIskandar #Capres2024 #Pilpres2024 https://t.co/WhHN5y3Gwl",
https://twitter.com/CakiminB,"#HariRPLDesa
Rekognisi Pembelajaran Lampau Desa
@jokowi 
@halimiskandarnu
@Kemendespdtt
@malik_haramain
@imansyukri
@taufikmadjid71
@yusradaridesa 
@azzameldzikrie 
@tppkemendes https://t.co/5Sk103lacl",
https://twitter.com/ahmadhellishfau,#JokowiCakImin #JoinKepri2019 #NasionalisReligius FOLLOW | RETWEET | LIKE | KOMEN Jokowi-CakImin https://t.co/bMXkK3wnwc,
https://twitter.com/rahcmatdelima,"Saksikan pukul 18:40 di Kompas TV
Siswa Masuk Jam 5, Mungkinkah ?
#sekolah
#pendidikan
#syaifulhuda
#pkb
#cakimin #CongratulationsObidatti
#muhaim
#BBTitans   
@DPP_PKB
@cakimiNOW
@EmHasanuddin
@SyaifulHooda @AcepJamaludin01
@Mursyidan10 
@zakaria_hmy https://t.co/idXxgvSW45",
https://twitter.com/dpwpkbjabar,"Saksikan pukul 18:40 di Kompas TV

#sekolah #pendidikan #syaifulhuda #pkb #cakimin #CongratulationsObidatti
#muhaim #BBTitans
@DPP_PKB @cakimiNOW @EmHasanuddin @SyaifulHooda @AcepJamaludin01 https://t.co/NiipzZBgDe",
https://twitter.com/ahmadhellishfau,#JokowiCakImin #JoinKepri2019 #NasionalisReligius FOLLOW | RETWEET | LIKE | KOMEN Jokowi-CakImin https://t.co/ADrwip1TGL,
https://twitter.com/rmp_officials,"Capres lain mulai kepanasan dengan progres Cak Imin, dukungan terus mengalir deras dari berbagai kalangan!

#CakImin #GusMuhaimin #Muhaimin #MuhaiminIskandar #Capres2024 #Pilpres2024 https://t.co/tkzXV5qhv3",
https://twitter.com/SedulurU,"Selamat harlah ke - 68 IPPNU 2 maret 2023

#harlahippnu #ippnumojokerto #gusmuhaimin #cakimin #gusimin #gusmuhaiminpresiden2024 #pkb #pkbmojokerto https://t.co/AszmNvBw5F",
https://twitter.com/rmp_officials,"Kalo seniman sudah bersikap InsyaAllah lancar

#CakImin #GusMuhaimin #Muhaimin #MuhaiminIskandar #Capres2024 #Pilpres2024 https://t.co/qMZ1AeVy77",
https://twitter.com/cakilzam,"Khidmad Abad Kedua NU: Pelajar Putri yang Progresif Tanpa Batas

2 Maret 1955 - 2 Maret 2023

#dpppkb #dpwpkbjatim #calegmadura #dprrimadura #ilzammusholeh #rampaknaong #gaspoll2024 #cakilzam #cakimin #cakiminnow #pkb #gusmuhaiminasikpoll #gusmuhaimin #gusmuhaiminfestival #gmf #","Place(id='6c8aa00f3ecfda7f', fullName='Banten, Indonesia', name='Banten', type='admin', country='Indonesia', countryCode='ID')"
https://twitter.com/pkbkotabatu,"Dokumentasi persiapan resepsi Satu Abad Nahdlatul Ulama'

@nahdlatululama @pcnu_batu @dpp_pkb @dpwpkbjatim @cakiminow @nurochman_ @KajiBiyanto

#satuabadnu #Nahdlatululama #gusmuhaimin #cakimin #caknur #caknurochman https://t.co/YWGbzj5LvB","Place(id='3f27577166e27cdc', fullName='Batu, Indonesia', name='Batu', type='city', country='Indonesia', countryCode='ID')"
https://twitter.com/ahmadhellishfau,#JokowiCakImin #JoinKepri2019 #NasionalisReligius FOLLOW | RETWEET | LIKE | KOMEN Jokowi-CakImin https://t.co/6kuSSnEegM,
https://twitter.com/Kop15achet,"@voiceofpkb @cakimiNOW Cakimin capres, prabowo cawapres, yes?",
https://twitter.com/Kop15achet,"@cakimiNOW Cakimin capres, prabowo cawapres, yes!",
https://twitter.com/ahmadhellishfau,#JokowiCakImin #JoinKepri2019 #NasionalisReligius FOLLOW | RETWEET | LIKE | KOMEN Jokowi-CakImin https://t.co/gZtgFEENh3,
https://twitter.com/ahmadhellishfau,#JokowiCakImin #JoinKepri2019 #NasionalisReligius FOLLOW | RETWEET | LIKE | KOMEN Jokowi-CakImin https://t.co/DDEMFetTSU,
https://twitter.com/ahmadhellishfau,#JokowiCakImin #JoinKepri2019 #NasionalisReligius FOLLOW | RETWEET | LIKE | KOMEN Jokowi-CakImin https://t.co/zYVkZBhG5a,
https://twitter.com/Samurai_asoi,"@Adi_8002 2024 Ganjar-Erick Vs Prabowo-Airlangga. 
Atau Ganjar-Airlangga Vs Prabowo-Cakimin. 

Anies gak usah diajak. Ribet",
https://twitter.com/ahmadhellishfau,#JokowiCakImin #JoinKepri2019 #NasionalisReligius FOLLOW | RETWEET | LIKE | KOMEN Jokowi-CakImin https://t.co/tuGkIh6gPP,
https://twitter.com/rmp_officials,"Dukungan untuk Cak Imin Presiden 2024 terus mengalir tak terbendung 

#CakImin #GusMuhaimin #Muhaimin #MuhaiminIskandar #Capres2024 #Pilpres2024 https://t.co/FZXlZgk46R",
https://twitter.com/Gardabangsaa,"Menolak Cawapres dan NU Dijadikan Daun Salam
 Gus @cakimiNOW Presiden Final ! 

#gusmuhaimin #cakimin #kiaijazuli 
https://t.co/PS43VsyQgS",
https://twitter.com/cakilzam,"UKK ini adalah langkah awal mendedikasikan dirinya mengabdi untuk negara, bangsa, dan agama melalui parlemen.

Bismillahirrahmanirrahim!

#dpppkb #dpwpkbjatim #calegmadura #dprrimadura #ilzammusholeh #rampaknaong #gaspoll2024 #cakilzam #cakimin #cakiminnow #pkb #gusmuhaimin","Place(id='42eb877b8bebda51', fullName='Sampang, Indonesia', name='Sampang', type='city', country='Indonesia', countryCode='ID')"
https://twitter.com/ahmadhellishfau,#JokowiCakImin #JoinKepri2019 #NasionalisReligius FOLLOW | RETWEET | LIKE | KOMEN Jokowi-CakImin https://t.co/vZi9CdkohT,
https://twitter.com/Banjar1922,"Dawuh kyai

#cakimin #gusmuhaimin #BudalGus https://t.co/4BiCdsh7JA",
https://twitter.com/Laduengkis,"@cakimiNOW 
@DPP_PKB 
@cakimin 
@cakimiNOW https://t.co/zyo7hUOZAV",
https://twitter.com/ahmadhellishfau,#JokowiCakImin #JoinKepri2019 #NasionalisReligius FOLLOW | RETWEET | LIKE | KOMEN Jokowi-CakImin https://t.co/E691fPvCXp,
https://twitter.com/ahmadhellishfau,#JokowiCakImin #JoinKepri2019 #NasionalisReligius FOLLOW | RETWEET | LIKE | KOMEN Jokowi-CakImin https://t.co/qSNhqFKtO9,
https://twitter.com/ahmadhellishfau,#JokowiCakImin #JoinKepri2019 #NasionalisReligius FOLLOW | RETWEET | LIKE | KOMEN Jokowi-CakImin https://t.co/6a3OjTVDhd,
https://twitter.com/ahmadhellishfau,#JokowiCakImin #JoinKepri2019 #NasionalisReligius FOLLOW | RETWEET | LIKE | KOMEN Jokowi-CakImin https://t.co/PPyYXI9BRN,
https://twitter.com/LamonganPkb,"Bener kita siap kembali muasal, kembali makan singkong atau sagu, telo atau ketela? Jangan bilang lagi, solusinya bapak-bapak berhenti beli rokok lalu ngalihin anggarannya untuk keperluan dapur.
.
.
#cakimin #capres #rmp #beras #politikkesejahteraan #berasmahal #berasmurah https://t.co/8QElrVYIco",
https://twitter.com/Kop15achet,@cakimiNOW Cakimin pancen oyyee..,
https://twitter.com/Yudhadu,"Nah dr kubu pantang menyerah, sigrndr masih dengan sosok lamanya. Pak prbw masih menjadi kandidat tunggal dr kubu grndra pkb. Wakilnya? Mungkin bisa sandy atau dr prtai sblh cakimin? Msh blm memutuskan",
https://twitter.com/ahmadhellishfau,#JokowiCakImin #JoinKepri2019 #NasionalisReligius FOLLOW | RETWEET | LIKE | KOMEN Jokowi-CakImin https://t.co/yeHaT8QTeJ,
https://twitter.com/dpwpkbjabar,"Menjemput kemenangan 2024 dengan modal mandat dr rakyat yang sdh tepat memilih PKB dan Gus Muhaimin sbg wadah &amp; sosok utkk merealisasikan harapannya #gusmuhaiminpresiden2024 #GusMuhaimin #cakimin #MuhaiminIskandar #syaifulhuda #survey #parpol 

@dpp_pkb @cakiminow  @syaifulhooda https://t.co/kjvwOR5aS7",
https://twitter.com/gaspoll2024,"Talkshow dan Bedah Gagasan ""Visioning Indonesia: Arah Kebijakan dan Peta Jalan Kesejahteraan"" karya A. Muhaimin Iskandar di Universitas Muhammadiyah Jakarta

#gaspoll #GusMuhaiminAsikPoll #CakImin #bedahgagasan #visioningindonesia #umj #jakarta https://t.co/r3TZtfU6vL",
https://twitter.com/ahmadhellishfau,#JokowiCakImin #JoinKepri2019 #NasionalisReligius FOLLOW | RETWEET | LIKE | KOMEN Jokowi-CakImin https://t.co/D2Y3ZKNVoD,
https://twitter.com/ahmadhellishfau,#JokowiCakImin #JoinKepri2019 #NasionalisReligius FOLLOW | RETWEET | LIKE | KOMEN Jokowi-CakImin https://t.co/iJVTaVfGVP,
https://twitter.com/ahmadhellishfau,#JokowiCakImin #JoinKepri2019 #NasionalisReligius FOLLOW | RETWEET | LIKE | KOMEN Jokowi-CakImin https://t.co/aR4df389HR,
https://twitter.com/sutiknopkb,"Mandat Nelayan Utk Indonesia !!!

#cakimin
#fpkb
#sutikno
#sutiknopkb https://t.co/wzjomQ4cB3",
https://twitter.com/ahmadhellishfau,#JokowiCakImin #JoinKepri2019 #NasionalisReligius FOLLOW | RETWEET | LIKE | KOMEN Jokowi-CakImin https://t.co/A7Zw2aV2T0,
https://twitter.com/ahmadhellishfau,#JokowiCakImin #JoinKepri2019 #NasionalisReligius FOLLOW | RETWEET | LIKE | KOMEN Jokowi-CakImin https://t.co/qKmXaZECiI,
https://twitter.com/GAPLEX_5,"@Mdy_Asmara1701 Khofifah/cakimin, ""dominan suara Jatim jateng"". AHY ""dominan suara Milineal"".
Apabila ""Den_ganjar"" capres, pertimbangkan ""khofifah/cakimin"". Apabila ""Puan"" capres, pertimbangkan ""AHY"". Secara pribadi mendukung ""Anies_AHY"". Tetapi suara di ""JATIM_JATENG"" suara terbanyak.",
https://twitter.com/ahmadhellishfau,#JokowiCakImin #JoinKepri2019 #NasionalisReligius FOLLOW | RETWEET | LIKE | KOMEN Jokowi-CakImin https://t.co/FC9rtFvEvj,
https://twitter.com/rmp_officials,"Universitas Trunojoyo Madura secara resmi menyerahkan mandat kepada Cak Imin untuk Presiden 2024!

#CakImin #GusMuhaimin #Muhaimin #MuhaiminIskandar #Capres2024 #Pilpres2024 https://t.co/UoXr4V1o9e",
https://twitter.com/ahmadhellishfau,#JokowiCakImin #JoinKepri2019 #NasionalisReligius FOLLOW | RETWEET | LIKE | KOMEN Jokowi-CakImin https://t.co/F2byFgU88n,
https://twitter.com/gaspoll2024,"Team GASPOLL (Gus Muhaimin Asik Poll) NTT Raih Juara Pertama NTT Drag Bike Champions 2023

#gaspoll #GusMuhaiminAsikPoll #CakImin #DragBike #NTT  https://t.co/nzoPk2BhAE",
https://twitter.com/ahmadhellishfau,#JokowiCakImin #JoinKepri2019 #NasionalisReligius FOLLOW | RETWEET | LIKE | KOMEN Jokowi-CakImin https://t.co/A20QI6ut2a,
https://twitter.com/ahmadhellishfau,#JokowiCakImin #JoinKepri2019 #NasionalisReligius FOLLOW | RETWEET | LIKE | KOMEN Jokowi-CakImin https://t.co/1bSDC0aIwt,
https://twitter.com/HasanudinTiro,"2 Dekan FISIP Kampus Ternama dan 1 Stafsus Wapres jadi Penguji di UKK Bacaleg PKB #dekanFISIP via @jpnncom https://t.co/tcSKELfxp7

@cakimiNOW 

#gusmuhaimin #cakimin #pkb",
https://twitter.com/808Genja,"@msaid_didu Lah ini mah udah tidak aneh Ko 🤣🤣🤣🤣
Anies - AHY (Nasdem, Demorat dan PKS)
Ganjar - Erick (Golkar, PPP dan PAN)
Prabowo - Cakimin (Gerindra - PKB)
Puan - ............ (PDIP)",
https://twitter.com/ahmadhellishfau,#JokowiCakImin #JoinKepri2019 #NasionalisReligius FOLLOW | RETWEET | LIKE | KOMEN Jokowi-CakImin https://t.co/xYBSTduPJC,
https://twitter.com/dpwpkbjabar,"Gus Muhaimin adl sosok yg memiliki kapasitas utk menerjemahkan harapan mnjd kenyataan, maka dari itu bnyk mandat serta harapan yg diperuntukan kepadanya. #gusmuhaiminpresiden2024

#kepaladesa #desa  #GusMuhaimin #cakimin #MuhaiminIskandar #syaifulhuda  @cakiminow @syaifulhooda https://t.co/nPjVBlSxAI",
https://twitter.com/ahmadhellishfau,#JokowiCakImin #JoinKepri2019 #NasionalisReligius FOLLOW | RETWEET | LIKE | KOMEN Jokowi-CakImin https://t.co/0LjDZAg3Ig,
https://twitter.com/ahmadhellishfau,#JokowiCakImin #JoinKepri2019 #NasionalisReligius FOLLOW | RETWEET | LIKE | KOMEN Jokowi-CakImin https://t.co/nb9aUQMF7o,
https://twitter.com/ahmadhellishfau,#JokowiCakImin #JoinKepri2019 #NasionalisReligius FOLLOW | RETWEET | LIKE | KOMEN Jokowi-CakImin https://t.co/WGdauSTmvI,
https://twitter.com/rmp_officials,"Kiai se-Jawa Timur meminta para pengasuh pondok pesantren dan nahdliyin agar mendukung Cak Imin Presiden 2024

#CakImin #GusMuhaimin #Muhaimin #MuhaiminIskandar #Capres2024 #Pilpres2024 https://t.co/scrpy9UxIW",
https://twitter.com/ahmadhellishfau,#JokowiCakImin #JoinKepri2019 #NasionalisReligius FOLLOW | RETWEET | LIKE | KOMEN Jokowi-CakImin https://t.co/M5lLdjHGli,
https://twitter.com/ahmadhellishfau,#JokowiCakImin #JoinKepri2019 #NasionalisReligius FOLLOW | RETWEET | LIKE | KOMEN Jokowi-CakImin https://t.co/NoiZBhLnTD,
https://twitter.com/gaspoll2024,"Sarat Makna, Gus Muhaimin Dorong Karapan Sapi Jadi Budaya Unggulan Nasional

#gaspoll #GusMuhaiminAsikPoll #CakImin #MuhaiminIskandar #kerapansapi #madura https://t.co/ZNDpjC9xIl",
https://twitter.com/ahmadhellishfau,#JokowiCakImin #JoinKepri2019 #NasionalisReligius FOLLOW | RETWEET | LIKE | KOMEN Jokowi-CakImin https://t.co/OUQojIsqyC,
https://twitter.com/ahmadhellishfau,#JokowiCakImin #JoinKepri2019 #NasionalisReligius FOLLOW | RETWEET | LIKE | KOMEN Jokowi-CakImin https://t.co/XvsyXU5RNH,
https://twitter.com/Gardabangsaa,"Sarat Makna, Gus Muhaimin Dorong Karapan Sapi Jadi Budaya Unggulan Nasional. 

Budaya sebagai panglima, perekat keberagaman dan solusi kehidupan sosial kemasyarakatan 

#gusmuhaimin #cakimin #david #agnes #budaya #kerapansapi  https://t.co/IqL4xJWpv7",
https://twitter.com/ahmadhellishfau,#JokowiCakImin #JoinKepri2019 #NasionalisReligius FOLLOW | RETWEET | LIKE | KOMEN Jokowi-CakImin https://t.co/cN6HmVtEja,
https://twitter.com/nifrijalrijal,"#gusmuhaiminiskandar
#cakimin https://t.co/6F0AKIKW3N",
https://twitter.com/gaspoll2024,"""Serap nilai-nilai perjuangan Laskar Hizbullah. Karena nasib tidak akan diberikan oleh orang lain, tapi harus kita rebut sendiri,"" tukas Gus Muhaimin saat acara pengukuhan Laskar Ijo Royo-royo Jawa Tengah

#gaspoll #GusMuhaiminAsikPoll #CakImin #laskarijoroyoroyo https://t.co/SzhHYYahZr",
https://twitter.com/CakiminAe,"Berkumpul bersama orang baik di minggu yang baik
#isramiraj https://t.co/tCa5tyZ0LY",
https://twitter.com/LamonganPkb,"Santri bener, manut dawuh Mbah Kiai...
.
.
#cakimin #gusmuhaimin #capres2024 #capres #rmp #relawanmuhaiminpeduli #Pilpres2024 #dawuh #politikkesejahteraan #literasipolitik #pinterpolitik #milenial #genz #generasimuda #generasiunggul #dawuhguru #dawuhkyai #dawuhulama #reels https://t.co/TTTMFlm4J7",
https://twitter.com/ahmadhellishfau,#JokowiCakImin #JoinKepri2019 #NasionalisReligius FOLLOW | RETWEET | LIKE | KOMEN Jokowi-CakImin https://t.co/k91cqOGzvL,
https://twitter.com/HasanudinTiro,"Gus Muhaimin memanggil kaum muda untuk bergabung ke PKB! 

#gusmuhaim #cakimin #BudalGus #pkb https://t.co/Cx9lNLykan",
https://twitter.com/ahmadhellishfau,#JokowiCakImin #JoinKepri2019 #NasionalisReligius FOLLOW | RETWEET | LIKE | KOMEN Jokowi-CakImin https://t.co/Hg5xq7dwwX,
https://twitter.com/pakiknow,"""Kita sampaikan kepada Allah SWT melalui barokah para wali, memohon pertolongan kepada Allah agar seluruh perjuangan ini dilancarkan oleh Allah SWT"" ~ Gus Muhaimin

#sunanampel #pkb #akz #budalgus #cakimin https://t.co/RmYg8DuQHT",
https://twitter.com/rmp_officials,"Dhek selerana taretan Madura e arep kompak epon, dalam acara Karapan Sapi Gus Muhaimin Festival 

#CakImin #GusMuhaimin #Muhaimin #MuhaiminIskandar #KarapanSapi #Madura #GusMuhaiminBerangkat https://t.co/Jbnq8CnW1I",
https://twitter.com/SutiknoG86,"BUDAL &amp; TABRAK!

Budal : berangkat menjalankan amanat para masyaikh (guru) untuk Gus Abdul Muhaimin Iskandar Presiden 2024.

#budalgus #gusmuhaimi #CakImin #pemimpinmuda #idolaanakmuda #jumatberkah https://t.co/ywNL2Agum8",
https://twitter.com/gusmarhadi,"BUDAL &amp; TABRAK!

Budal : berangkat menjalankan amanat para masyaikh (guru) untuk Gus Abdul Muhaimin Iskandar Presiden 2024.
Tabrak : hadapi dgn santai &amp; riang gembira apapun yang merintangi &amp; merintangi.😍

#budalgus #gusmuhaimi #CakImin #pemimpinmuda #idolaanakmuda #jumatberkah https://t.co/5KhHUr7nIZ",
https://twitter.com/ahmadhellishfau,#JokowiCakImin #JoinKepri2019 #NasionalisReligius FOLLOW | RETWEET | LIKE | KOMEN Jokowi-CakImin https://t.co/oE5yFrpBAh,
https://twitter.com/Bruri59739853,"#BudalGus 
#GusMuhaiminBerangkat 
#cakimin https://t.co/ADr6PqFuL6",
https://twitter.com/Zulfanerdogan,"#Jemput pesan kampus
#pkb
#cakimin https://t.co/YpWwdR2cUd",
https://twitter.com/gaspoll2024,"Budal Gus!! Gaspoll2024.......

#gaspoll #GusMuhaiminAsikPoll #CakImin #MuhaiminIskandar #guskautsar #budalgus https://t.co/kvi3WKhe5E",
https://twitter.com/ahmadhellishfau,#JokowiCakImin #JoinKepri2019 #NasionalisReligius FOLLOW | RETWEET | LIKE | KOMEN Jokowi-CakImin https://t.co/vQ7YZ40TZU,
https://twitter.com/ahmadhellishfau,#JokowiCakImin #JoinKepri2019 #NasionalisReligius FOLLOW | RETWEET | LIKE | KOMEN Jokowi-CakImin https://t.co/XAEWAwxuHG,
https://twitter.com/dpwpkbjabar,"FoodBank 24 Februari 2023
Kali ini PKB Jabar melaksanakan giat foodbank di daerah Jl. Cibuntu,  Kota Bandung tepatnya di warung bu Neni. 

#Foodbank #giveaway #makanan #infobandung #GusMuhaimin #cakimin #MuhaiminIskandar #syaifulhuda  #umkm 

@dpp_pkb @cakiminow  @syaifulhooda https://t.co/869LE0UsUc",
https://twitter.com/ahmadhellishfau,#JokowiCakImin #JoinKepri2019 #NasionalisReligius FOLLOW | RETWEET | LIKE | KOMEN Jokowi-CakImin https://t.co/kBTCuQ8sXR,
https://twitter.com/Anton8208292366,#cakimin https://t.co/6rg2EZFxdt,
https://twitter.com/dpwpkbjabar,"Reposted from @cakiminow Perintah para masyayikh budal, Perintah Gus Kausar Budal..,
 Yo Budal Gus..!
Bismillah  

#budalgus #gusmuhaiminberangkat #gusmuhaimin #cakimin #muhaiminiskandar #guskautsar

@dpp_pkb @cakiminow @emhasanuddin @syaifulhooda @ajam_acep_jamaludin https://t.co/tldrYrOadY",
https://twitter.com/ahmadhellishfau,#JokowiCakImin #JoinKepri2019 #NasionalisReligius FOLLOW | RETWEET | LIKE | KOMEN Jokowi-CakImin https://t.co/yIzjoo3t5Y,
https://twitter.com/rmp_officials,"Disampaikan saat Musyawarah Kiai se-Jawa Timur

Bismillah Allahumma barokah untuk Cak Imin Presiden 2024 

#CakImin #GusMuhaimin #Muhaimin #MuhaiminIskandar #Capres2024 #Pilpres2024 https://t.co/FMlqvear8G",
https://twitter.com/ahmadhellishfau,#JokowiCakImin #JoinKepri2019 #NasionalisReligius FOLLOW | RETWEET | LIKE | KOMEN Jokowi-CakImin https://t.co/rbVC1LUq9u,
https://twitter.com/ahmadhellishfau,#JokowiCakImin #JoinKepri2019 #NasionalisReligius FOLLOW | RETWEET | LIKE | KOMEN Jokowi-CakImin https://t.co/s0WuVSKFDy,
https://twitter.com/ahmadhellishfau,#JokowiCakImin #JoinKepri2019 #NasionalisReligius FOLLOW | RETWEET | LIKE | KOMEN Jokowi-CakImin https://t.co/ZCXDeanT9Z,
https://twitter.com/akangjuna84,"MantaPKB,, tarikk gaspoll...
#gusmuhaimin
#dpppkb
#olehsoleh
#dpwpkbjabar
@dpppkb @cakimin @hooda @olehsoleh.@dpwpkbjabar https://t.co/vy836V7PIT",
https://twitter.com/CiciNur_90,"#gusmuhaimin
#dpppkb
#olehsoleh
#dpwpkbjabar

@dpppkb 
@cakimin 
@hooda 
@olehsoleh 
@dpwpkbjabar https://t.co/zEIiwNCjmB",
https://twitter.com/Yusup08pi,#dpppkb #cakimin #hòoda #olehsoleh @DPP_PKB @cakimiNOW @SyaifulHooda,
https://twitter.com/ifantea76,"#GusMuhaimin
#dpppkb
#olehsoleh
#dpwpkbjabar
@dpppkb @cakimin @hooda @olehsoleh.@dpwpkbjabar https://t.co/AiO3OV6xHu",
https://twitter.com/DediRosadi2023,"#dpppkb
#CakImin
#hooda
#olehsoleh https://t.co/atSrUZwOIO",
https://twitter.com/SedulurU,"Selamat hari lahir IPNU 24 Februari 2023

#ipnuindonesia #ipnunusantara #ipnumojokerto #harilahiripnu #gusmuhaimin #cakimin #gusimin #gusmuhaiminpresiden2024 #pkb #pkbmojokerto https://t.co/nQmMwPumS6",
https://twitter.com/corongnusantara,"Kiai Khas Di Jatim Dukung Cak Imin Maju Di #Pilpres 2024
https://t.co/3FoamH4I8Z
#CakImin #Pilpres2024 https://t.co/58K4OwJpkY",
https://twitter.com/sutiknopkb,"Apabila kompak para masyayikh, para santri, para alumni, para Nahdliyin kompak mendukung @cakiminow insyaallah beliau berhasil apa yang dicita-citakan

#budalgus
#gusmuhaiminberangkat 
#cakimin 
#sutikno 
#sutiknopkb https://t.co/mtHV53NObU",
https://twitter.com/Gardabangsaa,"BUDAL &amp; TABRAK!

Budal : berangkat menjalankan amanat para masyaikh (guru) untuk Gus Abdul Muhaimin Iskandar Presiden 2024.
Tabrak : hadapi dgn santai &amp; riang gembira apapun yang merintangi &amp; merintangi.😍

#budalgus #gusmuhaimi #CakImin #pemimpinmuda #idolaanakmuda #jumatberkah https://t.co/h93b3FAOyi",
https://twitter.com/ahmadhellishfau,#JokowiCakImin #JoinKepri2019 #NasionalisReligius FOLLOW | RETWEET | LIKE | KOMEN Jokowi-CakImin https://t.co/3dFSZthFpD,
https://twitter.com/ufiq_zuroida,"Kunfayakun Budal Gus! Mandat 99 Ibu Nyai untuk Indonesia 💚

#budalgus #gusmuhaimin #muhaiminiskandar #cakimin #mandati99ibunyai #bunyai #neng #thenext2024 #pilpres2024 #gusmuhaiminpresiden2024 https://t.co/uwnfoIEayi","Place(id='3e877b672f829038', fullName='Wringin Anom, Indonesia', name='Wringin Anom', type='city', country='Indonesia', countryCode='ID')"
https://twitter.com/RiskaMustafa2,"semoga sukses selalu
#CakImin #GusMuhaimin #Muhaimin #MuhaiminIskandar #Capres2024 #Pilpres2024 https://t.co/2JPNXiWxs2",
https://twitter.com/RAdentaqo007,"#cakimin
#BudalGus!
#GusMuhaiminBerangkat https://t.co/4pxjyL1Yix",
https://twitter.com/beritajatimcom,"Pengasuh Ponpes Sidogiri Ajak Alumni Dukung Gus Muhaimin.

Surabaya (https://t.co/ksziGGp1k3) – Pengasuh Pondok Pesantren atau Ponpes Sidogiri Pasuruan, KH Ahmad Fuad Nur Hasan mengajak para… https://t.co/Sww79Wh86l #PolitikPemerintahan #Cakimin #gusmuhaimin via @beritajatimcom",
https://twitter.com/Teukuyusrizal2,"#GusMuhaimiIskandar 
#CakImin https://t.co/yjUMDIOWRu",
https://twitter.com/Topik_day,"#BudalGus 
#gusMuhaiminberangakat 
#CakImin 
@BagusMuhaiminS1 https://t.co/4essM0I6gK",
https://twitter.com/humah_panji,#CakImin https://t.co/S2m273zGkv,
https://twitter.com/humah_panji,#CakImin https://t.co/APaVsyHY63,
https://twitter.com/LTriwinarti,Yess #cakimin,
https://twitter.com/PD_TJA,"Musyawarah kiai
#GusMuhaimiIskandar
#CakImin
@cakimiNOW
@halimiskandarnu
@tppkemendes https://t.co/lpz9LbYRlW",
https://twitter.com/Arytoteles2,"#BudalGus 
#GusMuhaimiIskandar 
#gusMuhaiminberangakat 
#CakImin 
#pkbuntukbangsa https://t.co/umcRz68cmO",
https://twitter.com/CakiminOK,"#BudalGus
#GusMuhaiminBerangkat https://t.co/0v2bta0scj",
https://twitter.com/andypra45474055,"#cakimin
#BudalGus!
#GusMuhaiminBerangkat https://t.co/1Tt0lmiFhw",
https://twitter.com/ahmadhellishfau,#JokowiCakImin #JoinKepri2019 #NasionalisReligius FOLLOW | RETWEET | LIKE | KOMEN Jokowi-CakImin https://t.co/4tfuyTHtYg,
https://twitter.com/ahmadhellishfau,#JokowiCakImin #JoinKepri2019 #NasionalisReligius FOLLOW | RETWEET | LIKE | KOMEN Jokowi-CakImin https://t.co/AtIn3yGhAO,
https://twitter.com/ahmadhellishfau,#JokowiCakImin #JoinKepri2019 #NasionalisReligius FOLLOW | RETWEET | LIKE | KOMEN Jokowi-CakImin https://t.co/7pIh7Ura3x,
https://twitter.com/ahmadhellishfau,#JokowiCakImin #JoinKepri2019 #NasionalisReligius FOLLOW | RETWEET | LIKE | KOMEN Jokowi-CakImin https://t.co/7THKW6UFwL,
https://twitter.com/etika_hasanah,"#cakimin
#BudalGus!
#GusMuhaiminBerangkat https://t.co/XRaUe7AaCs",
https://twitter.com/etika_hasanah,"#cakimin
#BudalGus
#GusMuhaiminBerangkat https://t.co/RQtMU3hOvz",
https://twitter.com/Jaware12jawa,"#cakimin
#BudalGus!
#GusMuhaiminBerangkat https://t.co/dBCTLamUfk",
https://twitter.com/Juskandi32,"Do,a dan harapan 99 Kiyai untuk Gus
@Cakimin
#BundalGus
#GusMuhaiminBerangkat
@CakimNow
@EmiHasanyddin
@Zasilul_Fawaid
@Zainul_Munas
@Brigade01Arwan1
@Mursyidan10
@PutraWijaya1717 https://t.co/SF7A2E5eOs",
https://twitter.com/CakImin_Bulian,"Gus Muhaimin sebagai tokoh nasional yang selama ini memperjuangkan pesantren dan kaum santri diberikan amanah Petisi oleh 99 Kyai Se-Jawa Timur untuk memimpin dan membangun peradaban Indonesia lebih maju. 
#BudalGus
#GusMuhaiminBerangkat
@cakimiNOW https://t.co/ENOawTWuuW",
https://twitter.com/dJarotSWibowo,"#cakimin
#BudalGus!
#GusMuhaiminBerangkat https://t.co/q44zp8y0VK",
https://twitter.com/dJarotSWibowo,"#cakimin
#BudalGus!
#GusMuhaiminBerangkat https://t.co/HogZeyRjuQ",
https://twitter.com/dJarotSWibowo,"#cakimin
#BudalGus!
#GusMuhaiminBerangkat https://t.co/mVKiiw5H7l",
https://twitter.com/dJarotSWibowo,"#cakimin
#BudalGus!
#GusMuhaiminBerangkat https://t.co/UJlGdXTwgg",
https://twitter.com/CakiminB,"#BudalGus 
#GusMuhaiminBerangkat https://t.co/3vjDsILmSR",
https://twitter.com/ahmadhellishfau,#JokowiCakImin #JoinKepri2019 #NasionalisReligius FOLLOW | RETWEET | LIKE | KOMEN Jokowi-CakImin https://t.co/RrRsToqxn8,
https://twitter.com/Ar02721302Yasir,"Bismillah Allahumma lancar lan sukses!

Mandat 99 Bu Nyai di Pasuruan untuk Cak Imin Presiden 2024 

#CakImin #GusMuhaimin #Muhaimin #MuhaiminIskandar #Capres2024 #Pilpres2024 https://t.co/lstC5HGzpW",
https://twitter.com/Ar02721302Yasir,"Bismillah Allahumma lancar lan sukses!

Mandat 99 Bu Nyai di Pasuruan untuk Cak Imin Presiden 2024 

#CakImin #GusMuhaimin #Muhaimin #MuhaiminIskandar #Capres2024 #Pilpres2024 https://t.co/ypDO1LAalx",
https://twitter.com/pkbpemalang,"Bismillah . Musyawarah Kiai se-Jawa Timur untuk Cak Imin Presiden 2024 
#BudalGus
#CakImin #GusMuhaimin #MuhaiminIskandar #Capres2024 #Pilpres2024 https://t.co/xxAMDhmk8f",
https://twitter.com/sutiknopkb,"Bersama Kasudin Dinsos jakarta Selatan, Kasatpel Dinsos Kecamatan Pesanggrahan dan Pejabat Kelurahan Pesanggrahan menyerahkan bantuan kursi roda kepada warga RT 008 RW 02 Pesanggrahan.

Semoga ini bisa bermanfaat.
Salam.

#dinsosdkijakarta 
#sutikno 
#sutiknopkb 
#fpkb 
#cakimin https://t.co/Fj6QSrRx3b",
https://twitter.com/ahmadhellishfau,#JokowiCakImin #JoinKepri2019 #NasionalisReligius FOLLOW | RETWEET | LIKE | KOMEN Jokowi-CakImin https://t.co/J71oKenLar,
https://twitter.com/ahmadhellishfau,#JokowiCakImin #JoinKepri2019 #NasionalisReligius FOLLOW | RETWEET | LIKE | KOMEN Jokowi-CakImin https://t.co/O6Sdt2kqK4,
https://twitter.com/DistrikNews_com,"Respons SBY dan Cak Imin, Hersubeno Arief duga pergantian sistem pemilu ada hubungannya dengan Jokowi

#SBY #CakImin #Jokowi

https://t.co/tCPgooF3X2",
https://twitter.com/DistrikNews_com,"SBY dan Cak Imin sebut negara sedang genting, Hersubeno Arief: PDIP satu-satunya yang ngotot sistem tertutup

#SBY #CakImin #PDIP #Pemilu

https://t.co/pTkgeoblrM",
https://twitter.com/ahmadhellishfau,#JokowiCakImin #JoinKepri2019 #NasionalisReligius FOLLOW | RETWEET | LIKE | KOMEN Jokowi-CakImin https://t.co/85TmtzYlnt,
https://twitter.com/ahmadhellishfau,#JokowiCakImin #JoinKepri2019 #NasionalisReligius FOLLOW | RETWEET | LIKE | KOMEN Jokowi-CakImin https://t.co/93nUxv1XyL,
https://twitter.com/rmp_officials,"Bismillah Allahumma Musyawarah Kiai se-Jawa Timur untuk Cak Imin Presiden 2024 

#CakImin #GusMuhaimin #Muhaimin #MuhaiminIskandar #Capres2024 #Pilpres2024 https://t.co/rClXnMeOcc",
https://twitter.com/rmp_officials,"Bu Nyai Bersatu, BUDAL GUS..

Mandat 99 Bu Nyai se-Jawa Timur untuk Cak Imin Presiden 2024 

#CakImin #GusMuhaimin #Muhaimin #MuhaiminIskandar #Capres2024 #Pilpres2024 https://t.co/yTs2Df1jUL",
https://twitter.com/adiSE0581,"Mandat itu bisa datang darimana saja, dan yang menerima mandat adalah orang-orang yang amanah
#CakImin
#BudalGus
#GusMuhaimiIskandar https://t.co/JNQ59jSq4X",
https://twitter.com/rmp_officials,"Bismillah Allahumma lancar lan sukses!

Mandat 99 Bu Nyai di Pasuruan untuk Cak Imin Presiden 2024 

#CakImin #GusMuhaimin #Muhaimin #MuhaiminIskandar #Capres2024 #Pilpres2024 https://t.co/TFOtO87rHB",
https://twitter.com/PD_TJA,"Terima kasih seniman
#CakImin
@tppkemendes
@cakimiNOW
@halimiskandarnu
@taufikmadjid71 https://t.co/xINJTcd8Ag",
https://twitter.com/ahmadhellishfau,#JokowiCakImin #JoinKepri2019 #NasionalisReligius FOLLOW | RETWEET | LIKE | KOMEN Jokowi-CakImin https://t.co/kuMKHs4TQV,
https://twitter.com/Gardabangsaa,"Siapakah KH. Imam Jazuli Sebenarnya?
Baca ulasan Gus @cakimiNOW tentang kiai yang nyentrik ini .. 
#gusmuhaim 
#cakimin 
 
https://t.co/n5Zd5LlyfL l",
https://twitter.com/Iman2023pd,"#CakImin 
#BagusHalimUskandarNU
#PesanKampus https://t.co/Zt1p5BMl6x",
https://twitter.com/SitompulSanggup,"#BudalGus 
#CakImin https://t.co/6cYzhDsa8w",
https://twitter.com/sadikin992,"Menjemput Pesan Kampus
#Gusmuhaimin
#Cakimin https://t.co/5iq1H83Zah",
https://twitter.com/hisyammjk,"Maju terus gus muhaimin rakyat, akademisi, seniman merapatkan barisan untuk kemenangan.
Karena cuman gus muhaimin calon pemimpin yang menawar gagasan.
#BudalGus 
#gusmuhaimin 
#CakImin https://t.co/Qv7bCD54j9",
https://twitter.com/CakiminB,"#BundalGus 
#GusMuhaiminBerangkat https://t.co/2FXM63YXud",
https://twitter.com/ahmadhellishfau,#JokowiCakImin #JoinKepri2019 #NasionalisReligius FOLLOW | RETWEET | LIKE | KOMEN Jokowi-CakImin https://t.co/DF007hQygE,
https://twitter.com/RiskaMustafa2,"Cak Imin Menjemput Pesan Kampus di Universitas Trunojoyo Madura

#CakImin #GusMuhaimin #Muhaimin #MuhaiminIskandar #Capres2024 #Pilpres2024 https://t.co/mJTxYlZquS",
https://twitter.com/anditj2404,"Seniman jatim telah beri mandat untu dukungan Cakimin, maju terus gus 🙏
@cakimiNOW
@EmHasanuddin
@halimiskandarnu
@Jazilul_Fawaid
@malik_haramain
@zainul_munas
@billy4riez
@feri_sus77bkl
#BudalGus
#GusMuhaiminBerangkat
#gusmuhaiminberangkat https://t.co/sDE3ZgDVZu",
https://twitter.com/gaspoll2024,"Sejumlah Kepala Daerah di Jawa Timur sampaikan berbagai persoalan di daerah masing-masing agar diperjuangkan oleh Gus Muhaimin sebagai calon pemimpin nasional 2024

#gaspoll #GusMuhaiminAsikPoll #cakimin #budalgus #capres2024 https://t.co/xclOmAuLjR",
https://twitter.com/AminLubai,"#BudalGus 
#muhaiminberangkat@cakimin@halimiskandarnu https://t.co/HdDjNVppSd",
https://twitter.com/nifrijalrijal,"#cakimin
#pkb
#gusmuhaiminiskandar https://t.co/PEwJ4cVA2t",
https://twitter.com/CakiminOK,"#BudalGus
#GusMuhaiminBerangkat https://t.co/4SYcfrvmQW",
https://twitter.com/Sahabatcakiminn,"#BudalGus 
#GusMuhaiminBerangkat https://t.co/UaWf3BNzOW",
https://twitter.com/Sahabatcakiminn,"#BudalGus 
#GusMuhaiminBerangkat https://t.co/fsYxkQo5UA",
https://twitter.com/Sahabatcakiminn,"#BudalGus 
#GusMuhaiminBerangkat https://t.co/YAWKUXZbwk",
https://twitter.com/Sahabatcakiminn,"#BudalGus 
#GusMuhaiminBerangkat https://t.co/96SkWnmaFk",
https://twitter.com/Sahabatcakiminn,"#BudalGus 
#GusMuhaiminBerangkat https://t.co/K7aIcgUA11",
https://twitter.com/Sahabatcakiminn,"#BudalGus
#GusMuhaiminBerangkat https://t.co/VCQ8x8xz07",
https://twitter.com/Sahabatcakiminn,"#BudalGus
#GusMuhaiminBerangkat https://t.co/5jyh7ww54p",
https://twitter.com/Sahabatcakiminn,"#BudalGus
#GusMuhaiminBerangkat https://t.co/9kRj2UCfz4",
https://twitter.com/Sahabatcakiminn,"#BudalGus
#GusMuhaiminBerangkat https://t.co/cZXiEh884O",
https://twitter.com/Sahabatcakiminn,"#BudalGus
#GusMuhaiminBerangkat https://t.co/x20yCPrjlt",
https://twitter.com/ahmadhellishfau,#JokowiCakImin #JoinKepri2019 #NasionalisReligius FOLLOW | RETWEET | LIKE | KOMEN Jokowi-CakImin https://t.co/hPsWUSIvcq,
https://twitter.com/LamonganPkb,"Harus Ngotot kalau untuk kepentingan rakyat! 
.
.
#cakimin #gusmuhaimin #capres2024 #capres #rmp #relawanmuhaiminpeduli #Pilpres2024 #pemilutertutup #politikkesejahteraan #literasipolitik #pinterpolitik #milenial #genz #generasimuda #generasiunggul #generasimilenial #kpu #bawaslu https://t.co/qZAmBpOPbc",
https://twitter.com/fauzanfuadiFF,"Ijo royo-royo

@cakimiNOW

#mandatkampus
#gusmuhaimin 
#Muhaiminiskandar 
#cakimin 
#1pkb 
#pkb 
#pkbjatim 
#fauzanfuadi
#konkret https://t.co/FpOnBxzQ8c",
https://twitter.com/fathonimuhamm13,"#budalgus
#Cakimin https://t.co/lTP4KcgjUx",
https://twitter.com/Teukuyusrizal2,"#cakimin 
#GusMuhaimiIskandar https://t.co/7CTr6EBLZH",
https://twitter.com/beritajatimcom,"Gus Muhaimin Mulai Keliling Kampus untuk Serap Aspirasi.

Ketua Umum Partai Kebangkitan Bangsa (PKB) Abdul Muhaimin Iskandar (Gus Muhaimin) melakukan serap aspirasi terkait berbagai persoalan… https://t.co/SJvCx5sKVg #PolitikPemerintahan #Cakimin #gusmuhaimin via @beritajatimcom",
https://twitter.com/ahmadhellishfau,#JokowiCakImin #JoinKepri2019 #NasionalisReligius FOLLOW | RETWEET | LIKE | KOMEN Jokowi-CakImin https://t.co/gU9C85XaiE,
https://twitter.com/ahmadhellishfau,#JokowiCakImin #JoinKepri2019 #NasionalisReligius FOLLOW | RETWEET | LIKE | KOMEN Jokowi-CakImin https://t.co/9LSiDNqHfz,
https://twitter.com/rmp_officials,"Sore ini para seniman Madiun akan menyerahkan mandat kepada Cak Imin sebagai capres 2024

Bismillah Allahumma lancar lan sukses!

#CakImin #GusMuhaimin #Muhaimin #MuhaiminIskandar #Capres2024 #Pilpres2024 https://t.co/yqMn9FtcVe",
https://twitter.com/ahmadhellishfau,#JokowiCakImin #JoinKepri2019 #NasionalisReligius FOLLOW | RETWEET | LIKE | KOMEN Jokowi-CakImin https://t.co/P0OZApWCf6,
https://twitter.com/ahmadhellishfau,#JokowiCakImin #JoinKepri2019 #NasionalisReligius FOLLOW | RETWEET | LIKE | KOMEN Jokowi-CakImin https://t.co/aCf4KTxog2,
https://twitter.com/nickrasyidsr,"Kata Habis Ali Zainal Abidin Assegaf berarti selama ini Gus Muhaimin Iskandar @cakimiNOW subscribernya Azzahir

#azzahir #GusMuhaimiIskandar #zahirmania #cakimin https://t.co/ZlgwApoPJr",
https://twitter.com/rmp_officials,"Beda kalo Mbah Sujiwo Tejo yang pimpin forum; Cak Imin Menjemput Pesan Kampus di Universitas Trunojoyo Madura

#CakImin #GusMuhaimin #Muhaimin #MuhaiminIskandar #Capres2024 #Pilpres2024 https://t.co/XlqWsLfIui",
https://twitter.com/pramudia_id,"Gus @cakimiNOW unggul sebagai kandidat pemimpin dari kalangan NU. Sudah layak mendampingi pak prabowo di kontestasi pilpres 2024. 
Salam Pramudia!
.
#prabowo #prabowosubianto #gusmuhaimin #cakimin #muhaiminiskandar https://t.co/GzCB4hCYvT",
https://twitter.com/ahmadhellishfau,#JokowiCakImin #JoinKepri2019 #NasionalisReligius FOLLOW | RETWEET | LIKE | KOMEN Jokowi-CakImin https://t.co/r8DMzTKAIe,
https://twitter.com/ahmadhellishfau,#JokowiCakImin #JoinKepri2019 #NasionalisReligius FOLLOW | RETWEET | LIKE | KOMEN Jokowi-CakImin https://t.co/ojBIi5sWI8,
https://twitter.com/rmp_officials,"Hari ini Cak Imin menjemput pesan Kampus di Ujiversitas Trunojoyo Bangkalan Madura 

#CakImin #GusMuhaimin #Muhaimin #MuhaiminIskandar #Capres2024 #Pilpres2024 https://t.co/eYUYytcNlo",
https://twitter.com/rmp_officials,"Selamat pagi menjelang siang tretan Madura, Cak Imin siap menyapa taretan semuanya!

#CakImin #GusMuhaimin #Muhaimin #MuhaiminIskandar #GusMuhaiminIskandar #Capres2024 #Pilpres2024 https://t.co/QOHA9RoeXl",
https://twitter.com/CakiminB,"#BacalegPKB 
#GusMuhaimiIskandar https://t.co/0pkal0h6O4",
https://twitter.com/CakImin_Bulian,"#BacalegPKB 
@cakimiNOW https://t.co/0dXqALmHqm",
https://twitter.com/Ekocahyoris,"Pesta Demokrasi Harapan Bangsa
#cakimin 
#KemendesPDTT https://t.co/ApJqjE8xtA",
https://twitter.com/ahmadhellishfau,#JokowiCakImin #JoinKepri2019 #NasionalisReligius FOLLOW | RETWEET | LIKE | KOMEN Jokowi-CakImin https://t.co/Tc1vmu15J1,
https://twitter.com/ahmadhellishfau,#JokowiCakImin #JoinKepri2019 #NasionalisReligius FOLLOW | RETWEET | LIKE | KOMEN Jokowi-CakImin https://t.co/iyCGJ35FT9,
https://twitter.com/ahmadhellishfau,#JokowiCakImin #JoinKepri2019 #NasionalisReligius FOLLOW | RETWEET | LIKE | KOMEN Jokowi-CakImin https://t.co/JFAHHrz8XR,
https://twitter.com/rmp_officials,"Selamat Hari Peduli Sampah 2023

#CakImin #GusMuhaimin #Muhaimin #MuhaiminIskandar #GusMuhaiminIskandar #Capres2024 #Pilpres2024 https://t.co/HyDSsBPUTy",
https://twitter.com/corongnusantara,"Anies Jadi Cawapres Di 2024, Cak Imin: Belum Terpikirkan Sama Sekali
https://t.co/7IVLhWKLcP
#AniesBaswedan #CakImin #MuhaiminIskandar #Pilpres2024 https://t.co/7j9eQe6raV",
https://twitter.com/rmp_officials,"Intinya, sampah masih menjadi PR bangsa Indonesia, perlu ada perhatian khusus terhadap masalah ini

#CakImin #GusMuhaimin #Muhaimin #MuhaiminIskandar #Capres2024 #Pilpres2024 https://t.co/72Low1QBlC",
https://twitter.com/IdChannel9,"PKB minta Cak Imin jadi Wapres, siapapun yang jadi Prediden....
#pkb  #CakImin 
https://t.co/hzdkSjE15b",
https://twitter.com/muhamma39967166,"Uji Kepatutan dan Kelayakan Bakal Calon Legislatif
@cakimiNOW 
@cakimin 
@DPP_PKB 
@BagusMuhaiminS1 https://t.co/wYNgDU7FfJ",
https://twitter.com/Zulazimi220578,"#gusmuhaimin 
#cakimin https://t.co/p0SBO6c21o",
https://twitter.com/hadi_gustiawann,"#bacalegpkb 
#cakimin https://t.co/1eKD4xSZRM",
https://twitter.com/pld_suyitno,"UKK Bacaleg DPR RI
@cakimin https://t.co/z3FccVKilG","Place(id='c63317b201070a92', fullName='Tepus, Indonesia', name='Tepus', type='city', country='Indonesia', countryCode='ID')"
https://twitter.com/AbdulcholidM,"#calegPKB 
#cakimin 
@halimiskandarnu 
@taufikmadjid71 
@acongteahasan79 
@Dwirahmanto234 
@FraksiPKB 
@antonharris79 
@ https://t.co/1w21P3hnJ7",
https://twitter.com/aldi2697,"Uji Kelayakan Bcaleg DPRRI 
#pkb
#2024
#sukabumi
#nandnagalbian
#cakimin
#GusMuhaiminIskandar https://t.co/dDu7fkvK29",
https://twitter.com/rmp_officials,"SDM dan pendidikan adalah investasi untuk masa depan bangsa Indonesia!

#CakImin #GusMuhaimin #Muhaimin #MuhaiminIskandar #Capres2024 #Pilpres2024 https://t.co/Q8QUcKj317",
https://twitter.com/tvOneNews,"Wakil Ketua Umum PKB Jazilul Fawaid berharap agar Ketua Umum PKB Cak Imin terpilih menjadi presiden di Pilpres 2024

Simak berita selengkapnya di https://t.co/GgtZcy4bbs
#HardNews_Politik #NewsOne #CariBeritaditvOne #CakImin #AniesBaswedan #Prabowo https://t.co/USfurbJLkH",
https://twitter.com/sutiknopkb,"Pagi ini menghadiri Musyawarah Kelurahan Tingkat Kelurahan Petukangan Selatan Kecamatan Pesanggrahan, Kota Jakarta Selatan

#muskel 
#petukanganselatan 
#sutikno 
#sutiknopkb 
#fpkb 
#cakimin https://t.co/EgeLNOEfnU",
https://twitter.com/ErjikBintoro,"Karena pemilu berkualitas akan menghasilkan pemimpin2 yang juga berkualitas

#pkb #cakimin #gusmuhaimin #muhaiminiskandar https://t.co/9jtne2O6xk",
https://twitter.com/dpcpkbkabkediri,"Karena pemilu berkualitas akan menghasilkan pemimpin yang juga berkualitas

#pkb #cakimin #gusmuhaimin #muhaiminiskandar https://t.co/qRVTeloa2q",
https://twitter.com/gaspoll2024,"""Sudah menjadi keyakinan saya sejak kecil kalau kita berhasil membangun desa maka berhasil pulalah pembangunan nasional.""

- A. Muhaimin Iskandar

#gaspoll #GusMuhaiminAsikPoll #CakImin #MandatDesa #desamaju #IndonesiaMaju https://t.co/HvhUAgHXEM",
https://twitter.com/ahmadhellishfau,#JokowiCakImin #JoinKepri2019 #NasionalisReligius FOLLOW | RETWEET | LIKE | KOMEN Jokowi-CakImin https://t.co/i9VSI183DY,
https://twitter.com/ahmadhellishfau,#JokowiCakImin #JoinKepri2019 #NasionalisReligius FOLLOW | RETWEET | LIKE | KOMEN Jokowi-CakImin https://t.co/yq5hUmnp4X,
https://twitter.com/ahmadhellishfau,#JokowiCakImin #JoinKepri2019 #NasionalisReligius FOLLOW | RETWEET | LIKE | KOMEN Jokowi-CakImin https://t.co/QHgZcWLMON,
https://twitter.com/fauzanfuadiFF,"Mari kita senyumkan Indonesia

#budalgus 
#gusmuhaimin 
#Muhaiminiskandar 
#cakimin 
#1pkb 
#pkb 
#pkbjatim 
#konkret https://t.co/Devg5WxtPD",
https://twitter.com/LamonganPkb,"Lebih baik panen SDM dari pada panen infrastruktur (yang minim fungsi).
Begitu kira-kira Sob!
Beda persepsi, siap terima perdebatan!
.
.
#cakimin #capres2024 #capres #rmp #Pilpres2024 #sdm #politikkesejahteraan #literasipolitik #pinterpolitik #milenial #infrastruktur #pembangunan https://t.co/QBmm7pDVHU",
https://twitter.com/ahmadhellishfau,#JokowiCakImin #JoinKepri2019 #NasionalisReligius FOLLOW | RETWEET | LIKE | KOMEN Jokowi-CakImin https://t.co/lCDOwz0nvP,
https://twitter.com/ahmadhellishfau,#JokowiCakImin #JoinKepri2019 #NasionalisReligius FOLLOW | RETWEET | LIKE | KOMEN Jokowi-CakImin https://t.co/XzFyy1GkEY,
https://twitter.com/dpwpkbjabar,"Selanjutnya mari kita senyumkan Indonesia. 😁🇲🇨

#seninmuhaimin #senin #gusmuhaimin #cakimin #muhaiminiskandar #politik #quotes #quotesoftheday #pkb #syaifulhuda #acepjamaludin 

@dpp_pkb @cakiminow @emhasanuddin @syaifulhooda @AcepJamaludin01 https://t.co/XNLnFxP3b6",
https://twitter.com/ahmadhellishfau,#JokowiCakImin #JoinKepri2019 #NasionalisReligius FOLLOW | RETWEET | LIKE | KOMEN Jokowi-CakImin https://t.co/HIUOptA7aN,
https://twitter.com/fajaronline,"Jika Prabowo Inginkan Khofifah, Relakah Cak Imin? Pakar Beri Saran Masuk Akal https://t.co/VA6MQFcjH1 #CakImin #Cawapres #MuhaiminIskandar #Pilpres2024",
https://twitter.com/ahmadhellishfau,#JokowiCakImin #JoinKepri2019 #NasionalisReligius FOLLOW | RETWEET | LIKE | KOMEN Jokowi-CakImin https://t.co/AkDucUAvYl,
https://twitter.com/muhamma39967166,"Pendataan Sdgs Nasional
@cakimiNOW 
@cakimin 
@DPP_PKB 
@BagusMuhaiminS1 
@tppkemendes 
@MalikHaramain64 https://t.co/R2dkJyDXcx",
https://twitter.com/ahmadhellishfau,#JokowiCakImin #JoinKepri2019 #NasionalisReligius FOLLOW | RETWEET | LIKE | KOMEN Jokowi-CakImin https://t.co/9s9pBtaK28,
https://twitter.com/ahmadhellishfau,#JokowiCakImin #JoinKepri2019 #NasionalisReligius FOLLOW | RETWEET | LIKE | KOMEN Jokowi-CakImin https://t.co/0G1wHc8Ix3,
https://twitter.com/ahmadhellishfau,#JokowiCakImin #JoinKepri2019 #NasionalisReligius FOLLOW | RETWEET | LIKE | KOMEN Jokowi-CakImin https://t.co/f2imzzrCtY,
https://twitter.com/LamonganPkb,"Seberapa Kuat Elektabilitas PKB Partai Pengusung Cak Imin Di Pemilu 2024? 
#dpppkb #dpwpkbjatim #dpcpkblamongan #cakiminnow #halimiskandarnu #gofurla #pkb #cakimin  #muhaiminiskandar #capres2024  #gusdur #politik #gaspol #fyp https://t.co/984mb2LK5K",
https://twitter.com/alimahfud200670,@dpcpkbjaksel @cakimin @DPP_PKB @Alam_PKBJaksel Katanya Prabowo cak imin,"Place(id='e2cf09a47038ba13', fullName='Kertosono, Indonesia', name='Kertosono', type='city', country='Indonesia', countryCode='ID')"
https://twitter.com/ahmadhellishfau,#JokowiCakImin #JoinKepri2019 #NasionalisReligius FOLLOW | RETWEET | LIKE | KOMEN Jokowi-CakImin https://t.co/RdxSLaYavr,
https://twitter.com/ahmadhellishfau,#JokowiCakImin #JoinKepri2019 #NasionalisReligius FOLLOW | RETWEET | LIKE | KOMEN Jokowi-CakImin https://t.co/tsa7Y3B17s,
https://twitter.com/ahmadhellishfau,#JokowiCakImin #JoinKepri2019 #NasionalisReligius FOLLOW | RETWEET | LIKE | KOMEN Jokowi-CakImin https://t.co/tt48P2AiIp,
https://twitter.com/ahmadhellishfau,#JokowiCakImin #JoinKepri2019 #NasionalisReligius FOLLOW | RETWEET | LIKE | KOMEN Jokowi-CakImin https://t.co/CWGdR4732h,
https://twitter.com/ahmadhellishfau,#JokowiCakImin #JoinKepri2019 #NasionalisReligius FOLLOW | RETWEET | LIKE | KOMEN Jokowi-CakImin https://t.co/DjpBvfpKYi,
https://twitter.com/ahmadhellishfau,#JokowiCakImin #JoinKepri2019 #NasionalisReligius FOLLOW | RETWEET | LIKE | KOMEN Jokowi-CakImin https://t.co/57gK6bCMU2,
https://twitter.com/ahmadhellishfau,#JokowiCakImin #JoinKepri2019 #NasionalisReligius FOLLOW | RETWEET | LIKE | KOMEN Jokowi-CakImin https://t.co/Tfq6KcjVOL,
https://twitter.com/Jonperiunjung3,@muhamma39967166 @BagusMuhaiminS1 @cakimiNOW @cakimin @DPP_PKB @tppkemendes @halimiskandarnu https://t.co/mlgoaVyiuE,
https://twitter.com/gaspoll2024,"NGOBs lagi yuk!!

Kali ini kita ngobrol seputar Capres Pilihan Nahdliyyin bersama Mas Syarif Abdillah, Ketua FPKB DPRD Jawa Tengah

Selasa, 21 Februari 2023
Jam 20:00 - 21:30 wib

Di Twitter Spaces @gaspoll2024 

#gaspoll #GusMuhaiminAsikPoll #CakImin #CapresPilihanNahdliyin https://t.co/DrxFUZ8XuO",
https://twitter.com/PupungBurhani,"#CakImin
#Syaepulhooda
#TomyKurniawan
#DKNGardaBangsa
#DppPkb
#DpwPkb
#OlehSoleh https://t.co/nszXofrkdk",
https://twitter.com/am_syafi,"#GusMuhaimin 
#CakImin 
Isra'mi'raj",
https://twitter.com/nyak_ih_meutuah,"Capres 2024:
@aniesbaswedan
@prabowo
@airlangga_hrt
@puanmaharani_ri
@ganjarpranowo
#CakImin

Trs knp @partaigeloraid itu hy menyerang Anies B? @Fahrihamzah

Ungkit Utang Rp50 Miliar, Fahri Hamzah Mantap Pilih Prabowo Ketimbang Anies https://t.co/PODbEzs0pe",
https://twitter.com/ahmadhellishfau,#JokowiCakImin #JoinKepri2019 #NasionalisReligius FOLLOW | RETWEET | LIKE | KOMEN Jokowi-CakImin https://t.co/Lr7ce6INtn,
https://twitter.com/dpwpkbjabar,"Satu abad NU, Cinta Ulama, Cinta Santri, Cinta NKRI. 🇮🇩
Pagi tadi PKB Jabar Ikut memeriahkan &amp; berkontribusi di acara Kirab 1 abad NU Kota Bandung.
#nu #1abadnu #gusmuhaimin #muhaiminiskandar #pkb #cakimin #syaifulhuda #acepjamaludin  #Bandung
@dpp_pkb @cakiminow  @syaifulhooda https://t.co/0WDYDWdXYa",
https://twitter.com/ahmadhellishfau,#JokowiCakImin #JoinKepri2019 #NasionalisReligius FOLLOW | RETWEET | LIKE | KOMEN Jokowi-CakImin https://t.co/1dYV2Ufuy9,
https://twitter.com/gaspoll2024,"Selamat memperingati Isra' Mi'raj Nabi Muhammad SAW.
18 Februari 2023

#gaspoll #GusMuhaiminAsikPoll #CakImin #isramiraj #2023M https://t.co/sY9Jm4rYmX",
https://twitter.com/ahmadhellishfau,#JokowiCakImin #JoinKepri2019 #NasionalisReligius FOLLOW | RETWEET | LIKE | KOMEN Jokowi-CakImin https://t.co/LEdvORppHV,
https://twitter.com/BugisLie,"#Cakimin
#DPP_PKB https://t.co/ODy1xEtBeR",
https://twitter.com/sutiknopkb,"Selamat memperingati Isra Mi'raj Nabi Muhammad SAW.

#isramiraj 
#cakimin 
#sutikno 
#sutiknopkb https://t.co/mDknEpiqe1",
https://twitter.com/sutiknopkb,"Mari kita bahu membahu dan terus mensukseskan agenda politik untuk mengantarkan PKB menjadi pemenang pemilu 2024 mendatang

@dpp_pkb @cakiminow @dpwpkbjakarta @pejuang_nasibrakyat @darussalam.2876 

#gusmuhaiminiskandar
#TheNext2024 
#cakimin 
#sutikno 
#sutiknopkb https://t.co/DPywJpJCYp",
https://twitter.com/muhamma39967166,"#SDGsDesa 
@cakimiNOW 
@cakimin 
@DPP_PKB 
@tppkemendes 
@halimiskandarnu 
@BagusMuhaiminS1 https://t.co/a6IJWEq7xp",
https://twitter.com/ahmadhellishfau,#JokowiCakImin #JoinKepri2019 #NasionalisReligius FOLLOW | RETWEET | LIKE | KOMEN Jokowi-CakImin https://t.co/lkc63Rm2Ei,
https://twitter.com/dpcpkbjaksel,"Saiful Mujani Research and Consulting merilis hasil survei calon potensial dgn latar belakang dari Nahdlatul Ulama (NU). Hasilnya Ketum PKB, @cakimin menempati posisi teratas sebagai calon presiden dari kalangan NU

@DPP_PKB @Alam_PKBJaksel

https://t.co/hhwWP4clUI",
https://twitter.com/03Heriani,"Bismillah Allahumma bibarkati poro ulama NU 

#CakImin #GusMuhaimin #Muhaimin #MuhaiminIskandar #SatuAbadNU #NahdlatulUlama #NU https://t.co/gobypoZGFv",
https://twitter.com/dpwpkbjabar,"FoodBank 17 Februari 2023
Kali ini PKB Jabar melaksanakan giat foodbank di daerah Jl. babakan Cianjur, Desa Campaka, Kecamatan Andir Kota Bandung tepatnya di warung bu Ira
#Foodbank #giveaway #makanan #infobandung #GusMuhaimin #cakimin #MuhaiminIskandar #syaifulhuda  #umkm #andir https://t.co/5rYl55Y5ZN",
https://twitter.com/rmp_officials,"Cak Imin menerima mandat dari Desa untuk menjadi Capres 2024 karena telah berjasa memperjuangkan UU Desa 

#CakImin #GusMuhaimin #Muhaimin #MuhaiminIskandar #Capres2024 #Pilpres2024 https://t.co/f5SmriA630",
https://twitter.com/ahmadhellishfau,#JokowiCakImin #JoinKepri2019 #NasionalisReligius FOLLOW | RETWEET | LIKE | KOMEN Jokowi-CakImin https://t.co/zCopeg7KgM,
https://twitter.com/MohdYoga4,"#CakImin Raih Dukungan #BudalGus1 Teratas SMRC Survey Uji Kekuatan Elektoral NU
#GusMuhaiminBerangkat 
@cakimiNOW @DPP_PKB  @EmHasanuddin  @baGUSMUHAIMIN24  @BagusMuhaiminS1 @Brigade01Arwan1 @Mursyidan10 @HasanZulfahmi @AcehTpp
👉BACA👇👇👇 https://t.co/XBCaYsog13",
https://twitter.com/ahmadhellishfau,#JokowiCakImin #JoinKepri2019 #NasionalisReligius FOLLOW | RETWEET | LIKE | KOMEN Jokowi-CakImin https://t.co/aGBoK6PMa8,
https://twitter.com/dpwpkbjabar,"Jadikan Desa sebagai prioritas pembangunan abad 21.

#nu #1abadnu #gusmuhaimin #muhaiminiskandar #anakyatim #pkb #cakimin #syaifulhuda #acepjamaludin #desa #indonesia
#indonesiaemas

PKB Ka 1
Jabar nga 1

@dpp_pkb @cakiminow @emhasanuddin @syaifulhooda @AcepJamaludin01 https://t.co/lmDrq5bHUm",
https://twitter.com/Gus_Tamim_,"Dari Desa untuk Indonesia
Budal Gus !
@cakimiNOW #gusmuhaiminpresident2024 
#akunuakupkb #mandatdesa 
#cakimin #GusMuhaimin @DPP_PKB @dpwpkbjatim_ https://t.co/lcu1aXpNzC",
https://twitter.com/ahmadhellishfau,#JokowiCakImin #JoinKepri2019 #NasionalisReligius FOLLOW | RETWEET | LIKE | KOMEN Jokowi-CakImin https://t.co/TXWQ0j3ptH,
https://twitter.com/EErupley,#cakimin https://t.co/AgmQvs0eOJ,
https://twitter.com/Dicky3hook,#CakImin https://t.co/svp6zgYVJe,
https://twitter.com/rmp_officials,"Bismillah Allahumma bibarkati poro ulama NU 

#CakImin #GusMuhaimin #Muhaimin #MuhaiminIskandar #SatuAbadNU #NahdlatulUlama #NU https://t.co/Jqf5HehJdV",
https://twitter.com/apip_mustari,"#CakImin
#SaifulHoda
#Z_OlehSoleh https://t.co/jIwGvXHkFd",
https://twitter.com/utadmuhtadi1982,"#cakimin 
#olehsoleh 
#huda https://t.co/7oIwgcB3IX",
https://twitter.com/lpppkbpas,"Cak Imin tidak bisa diragukan lagi soal ke-NU-an, beliau lahir, besar dan dididik oleh keluarga NU!

#CakImin #GusMuhaimin #Muhaimin #MuhaiminIskandar #SatuAbadNU #NahdlatulUlama #NU #LPPPKBKabPasuruan https://t.co/pgqEUTsVqW",
https://twitter.com/Kop15achet,@Bambangelf Cakimin pancen oyyee..,
https://twitter.com/Samuder53291026,"10 tahun yg lalu saat menggantar #MariAlkatiri silaturaheem ke rumah dinas @cakimiNOW,beliau sambil bercanda mengatakan bhw apapun yg dilakukan dan di prediksi ttg #Pesantren akhirnya #PKB juga yg jadi pilihan para Kyahi dan Santri.Jatim gudangnya Pesantren tanpa #Cakimin, hati2! https://t.co/Dv8wRxS6cX",
https://twitter.com/Samuder53291026,"@prabowo konon berpeluang kalah di #Jatim krn @KhofifahIP lbh menjanjikan.ttp jgn lupa ada #PKB yg jadi mesin suara di sini dan itu identik dgn #CakImin bukan #khofifah.Krn @Gerindra belum memenuhi PT 20%. Dibutuhkan komitmen dlm berkoalisi. 
@cakiminNOW
https://t.co/afcjs0h3jQ",
https://twitter.com/satupersepsi,"- Social Experiment -

Kami memberikan beberapa pertanyaan kepada milenial dan gen z.
1. Kenal gak sama Gus Muhaimin?
2. Apa jabatan Gus Muhaimin saat ini?

Berikut hasilnya

#socialexperiment #satupersepsi #milenial #genz #gusmuhaimin #cakimin #pkb https://t.co/gYIFlceI9H",
https://twitter.com/dpwpkbjabar,"Berdasarkan survei SMRC, diketahui tokoh2 utama NU saat ini yakni Muhaimin mendapat dukungan sebesar 18,2 persen. 
#survey #politik #pemilu2024  #GusMuhaimin #MuhaiminIskandar #cakimin #syaifulhuda #acepjamaludin #pkb #partai #nu
@dpp_pkb @cakiminow @syaifulhooda @AcepJamaludin01 https://t.co/oEU0jwg1UL",
https://twitter.com/Kop15achet,"@archabandung @cakimiNOW Nah, betul ini. Cakimin presiden, prabowo wapres.",
https://twitter.com/talkaboutthis__,"Pertemuan Airlangga Hartarto dan Muhaimin Iskandar 💛💚 

#AirlanggaHartarto #golkarindonesia #PKB #MuhaiminIskandar #cakimin #capres2024 #pilores2024 #AntManAndTheWaspQuantumania https://t.co/QkXKX7sN0E",
https://twitter.com/Jazilul_Fawaid,"Temuan hasil riset ilmiah dr SMRC ini menjadi pelecut langkah perjuangan kami untuk mengantarkan Gus Muhaimin @cakimiNOW maju di Pilpres 2024.

#BudalGus
#GusMuhaimin 
#PKB 
#cakimin 

https://t.co/S3PdJTAqo8",
https://twitter.com/arifkalbar69,"Cak Imin tidak bisa diragukan lagi soal ke-NU-an, beliau lahir, besar dan dididik oleh keluarga NU!

#GusMuhaimin #CakImin #BudalGus #GusMuhaiminBerangkat #NahdlatulUlama #1AbadNU #PKB #KebangkitanIndonesiaRaya #NU #SatuAbadNU #Politik @cakimiNOW @EmHasanuddin @zainul_munas https://t.co/OTVuYpw720",
https://twitter.com/gaspoll2024,"Gus Muhaimin terima mandat ratusan Kepala Desa se-Jawa Timur untuk maju sebagai Calon Presiden pada 2024 mendatang.... Budal Gus!!

#gaspoll #GusMuhaiminAsikPoll #CakImin #mandatkades #budalgus https://t.co/VZjeUnb02h",
https://twitter.com/rmp_officials,"Cak Imin tidak bisa diragukan lagi soal ke-NU-an, beliau lahir, besar dan dididik oleh keluarga NU!

#CakImin #GusMuhaimin #Muhaimin #MuhaiminIskandar #SatuAbadNU #NahdlatulUlama #NU https://t.co/w9E2EE9B90",
https://twitter.com/Forum_Daerah,"Dukung Maju Capres, Cak Imin Galang Dukungan dari Kepala Daerah di Jatim

Simak berita selengkapnya klik link berikut👇🏻
https://t.co/EH72JQXql4

#Capres #CakImin #KepalaDaerah #jawatimur",
https://twitter.com/LebaLeba11,"Gus Muhaimin diberi mandat oleh kepala desa sebagai tokoh nasional untuk memimpin dan menyatukan Indonesia. 🇮🇩🇮🇩🇮🇩

#budalgus #gusmuhaiminberangkat #gusmuhaimin #MuhaiminIskandar  
#pkb 
#cakimin https://t.co/Fb1VYQPBzn","Place(id='7b6d4729251ea40b', fullName='East Nusa Tenggara, Indonesia', name='East Nusa Tenggara', type='admin', country='Indonesia', countryCode='ID')"
https://twitter.com/gaspoll2024,"Sejumlah Kepala Daerah di Jatim Dukung Cak Imin Capres 2024

#gaspoll #GusMuhaiminAsikPoll #CakImin #capres2024 https://t.co/4zSxeUQylB",
https://twitter.com/Kop15achet,"@cakimiNOW Cakimin pancen oyee, akeh duite..",
https://twitter.com/AsepSeptiyana_,"Waaadduuhh gawat guys, ternyata begini keadaan Cak Imin dengan NU 😌😌😌 #muhaiminiskandar #cakimin #pkb #1abadnu #NU #IndonesiaJuara #IndonesiaMaju https://t.co/53NbfGGUhN",
https://twitter.com/Edymaull,"Cak imin tak hadir acara 1 abad NU 
#cakimin #pkb #partaikebangkitanbangsa #nadhatululama #1abadnu #pengkhianat #Pilpres2024 https://t.co/FetX40oceo",
https://twitter.com/Agamsyah1998,"Cak imin tak datang di satu abad NU.
#cakimin #satuabadnu https://t.co/luy1HcoMv3",
https://twitter.com/ahmadhellishfau,#JokowiCakImin #JoinKepri2019 #NasionalisReligius FOLLOW | RETWEET | LIKE | KOMEN Jokowi-CakImin https://t.co/R05nlYjIbD,
https://twitter.com/rahmadhdyt709,"Cakimin tak hadiri di acara NU.
#cakimin #nadhatululama #PKB #Pilpres2024 #waspadacapresradikal #penghianat https://t.co/ZswLyu8lgR",
https://twitter.com/mrivaldo1207,"cak imin tidak hadiri 1 abad Nu
#nahdhatululama 
#nahdhatululamaindonesia 
#nahdhatululama1abad 
#cakimin 
#cakiminpresiden2024 
#pkb https://t.co/fzMzWX8G8y",
https://twitter.com/SedulurU,"Simulasi empat pasangan pilpres 2024

#prabowo #gusmuhaimin #cakimin #gusimin #gusmuhaiminpresiden2024 #pkb #pkbmojokerto https://t.co/gxIdexnK2H",
https://twitter.com/Sulisti60188128,@CakImin_Bulian @cakimiNOW 👍mantap,
https://twitter.com/fauzanfuadiFF,"Budal Gus!
@cakiminow

#Muhaiminiskandar 
#gusmuhaimin 
#cakimin 
#budalgus
#1pkb 
#pkb 
#pkbjatim 
#konkret https://t.co/d27wueHGD8",
https://twitter.com/gaspoll2024,"Galery Tasyakuran Satu Abad NU

#gaspoll #GusMuhaiminAsikPoll #CakImin #gallery #tasyakuran #satuabadNU https://t.co/nAwhMuKEiL",
https://twitter.com/beritajatimcom,"Kepala Daerah Serahkan Mandat: Budal Gus Muhaimin!.

PKB menyerahkan mandat kepada Ketua Umum PKB Muhaimin Iskandar untuk maju sebagai calon presiden (capres) 2024. -- Ikuti kami di Google… https://t.co/wXn06lZyxx #PolitikPemerintahan #Cakimin #gusmuhaimin via @beritajatimcom",
https://twitter.com/lebahdigital22,"Mandat Desa Untuk Indonesia 
#budalgus #mandatdesa #cakimin https://t.co/R2Bemt00ZT",
https://twitter.com/ahmadhellishfau,#JokowiCakImin #JoinKepri2019 #NasionalisReligius FOLLOW | RETWEET | LIKE | KOMEN Jokowi-CakImin https://t.co/UwZnf3kBW9,
https://twitter.com/ahmadhellishfau,#JokowiCakImin #JoinKepri2019 #NasionalisReligius FOLLOW | RETWEET | LIKE | KOMEN Jokowi-CakImin https://t.co/BVop6cweSR,
https://twitter.com/ahmadhellishfau,#JokowiCakImin #JoinKepri2019 #NasionalisReligius FOLLOW | RETWEET | LIKE | KOMEN Jokowi-CakImin https://t.co/QQfHxlrREc,
https://twitter.com/ahmadhellishfau,#JokowiCakImin #JoinKepri2019 #NasionalisReligius FOLLOW | RETWEET | LIKE | KOMEN Jokowi-CakImin https://t.co/hAVsWDXKMm,
https://twitter.com/ahmadhellishfau,#JokowiCakImin #JoinKepri2019 #NasionalisReligius FOLLOW | RETWEET | LIKE | KOMEN Jokowi-CakImin https://t.co/vxsM2r69a0,
https://twitter.com/ahmadhellishfau,#JokowiCakImin #JoinKepri2019 #NasionalisReligius FOLLOW | RETWEET | LIKE | KOMEN Jokowi-CakImin https://t.co/ElUCLRLSMu,
https://twitter.com/spec_politic,"Emangnya pohon beringin dapat menjadi tempat teduh untuk yang lain ya? 

@airlangga_hrt @cakimiNOW
@suryapaloh51 @syaikhu_ahmad
#Golkar #Nasdem #PKS #PKB #airlanggahartarto #suryapaloh #cakimin #ahmadsyaikhu https://t.co/VHYgTWOr1j",
https://twitter.com/SaidaFathan,@cakimin https://t.co/g8zwC4ViE7,
https://twitter.com/dpwpkbjabar,"Pastikan RUU PPRT segera disahkan DPR 😉

#survey #politik #pemilu2024 #pilpres2024 #GusMuhaimin #MuhaiminIskandar #cakimin #syaifulhuda #ajamacepjamaludin #prt #art #uud #undangundang

@dpp_pkb @cakiminow @emhasanuddin @syaifulhooda @AcepJamaludin01 https://t.co/ZkbHmHf9qu",
https://twitter.com/MRois26543529,"Desa-Desa yg berada di pulau jawa timur memang Kece.... teruslah meng aspirasikan apa yg menjadi kebutuhan Desa...
Bravo....
#BudalGus 
#cakimin 
#pkbuntukbangsa https://t.co/agMhp6CVBk",
https://twitter.com/MasNasirudin,"Mandat daerah untuk Indonesia
#desa
#cakimin https://t.co/vOJeGYNu1F",
https://twitter.com/qiu_qiu66,"#BudalGus 
#cakimin 
#GusMuhaiminBerangkat https://t.co/BHry8w82p2",
https://twitter.com/Iya5Riya,"#budalgus #gusmuhaiminberangkat #nu  #gusmuhaimin #muhaiminiskandar  #pkb #cakimin #syaifulhuda #acepjamaludin  #desa #kades

@dpp_pkb @cakiminow  @syaifulhooda https://t.co/MAo4vpgP73",
https://twitter.com/Iya5Riya,"#budalgus #gusmuhaiminberangkat #nu  #gusmuhaimin #muhaiminiskandar  #pkb #cakimin #syaifulhuda #acepjamaludin  #desa #kades

@dpp_pkb @cakiminow  @syaifulhooda https://t.co/ocClh1yX19",
https://twitter.com/CakImin_Bulian,"Kita berjuang bersama Gus Muhaimin 

#BudalGus 
#GusMuhaiminBerangkat 

@cakimiNOW https://t.co/MHmsXlomgk",
https://twitter.com/Robertrobianto1,#Cakimin https://t.co/ZCLgmz4zzq,"Place(id='25ced22a2e2b208a', fullName='Tanjung Kemuning, Indonesia', name='Tanjung Kemuning', type='city', country='Indonesia', countryCode='ID')"
https://twitter.com/RudiYan36776046,#cakimin https://t.co/V6Opk5qorf,
https://twitter.com/portalmediaid,"Tak Risau Jika Prabowo Berpaling Ke Khofifah, Ini Respon Cak Imin

Baca Selengkapnya: https://t.co/9Wt3TUMVGc

#BeritaTerkini #media #Online #news #BreakingNews #prabowo #khofifah #cakimin #politik #Indonesia",
https://twitter.com/HasanudinTiro,"Canvasing Gus Muhaimin Iskandar 

@cakimiNOW 

#gusmuhaimin #cakimin #pkb https://t.co/2Ky0s7ijgY",
https://twitter.com/Kop15achet,"@satupersepsi @cakimiNOW Ini pelecehan sih, tolong ditertibkan. Cakimin itu capres, jangan macem2.",
https://twitter.com/stela_langkun,@cakimin https://t.co/hQcKZUvMvN,
https://twitter.com/Hanafi21Hanafi,"#BudalGus 
#GusMuhaiminBerangkat 
#Cakimin
#FraksiPKB
#DPPPKB https://t.co/CeIIcvInq1",
https://twitter.com/ahmadhellishfau,#JokowiCakImin #JoinKepri2019 #NasionalisReligius FOLLOW | RETWEET | LIKE | KOMEN Jokowi-CakImin https://t.co/Vm7VQAgEcT,
https://twitter.com/dandibahtiar,"Ayo bergerak bersama @cakimin 
#mandatdesa
#BudalGus
#GusMuhaiminBerangkat https://t.co/u3j3cbt7PP",
https://twitter.com/aldi2697,"#mandatdesa
#cakimin https://t.co/aT2T2ocuGe",
https://twitter.com/gaspoll2024,"""Padahal kita ini hidup tumbuh tanpa kuota apapun Wi-Fi kita menyala-nyala selamanya."" - A. Muhaimin Iskandar

#gaspoll #GusMuhaiminAsikPoll #CakImin #MuhaiminIskandar #NTB https://t.co/3zxohyH8ew",
https://twitter.com/ITetehuka,"Predides pilihan Rakyat adalah Cakimin,. https://t.co/wVHHEDmoJd","Place(id='3ca381967d8f4c1d', fullName='Moluccas, Indonesia', name='Moluccas', type='admin', country='Indonesia', countryCode='ID')"
https://twitter.com/sutiknopkb,"Kumpul bersama warga RT. 05 RW. 03 Pesanggrahan Kelurahan Pesanggrahan, Senin (13/2).

Semoga silaturahmi kita bisa tetap terjalin. Aamiin

#silaturahmi 
#pesanggrahan
#cakimin 
#sutikno 
#sutiknopkb https://t.co/5HBFB709he",
https://twitter.com/ahmadhellishfau,#JokowiCakImin #JoinKepri2019 #NasionalisReligius FOLLOW | RETWEET | LIKE | KOMEN Jokowi-CakImin https://t.co/eFfyQujClf,
https://twitter.com/ahmadhellishfau,#JokowiCakImin #JoinKepri2019 #NasionalisReligius FOLLOW | RETWEET | LIKE | KOMEN Jokowi-CakImin https://t.co/bmH4Y3wEph,
https://twitter.com/Kop15achet,@Bambangelf Cakimin pancen oyyeee..,
https://twitter.com/YaminBosTambang,"Gus Muhaimin adalah tokoh yang punya rumah, punya keluarga, dan punya kontribusi dari Desa untuk Indonesia.
@cakimin
#GusMuhaiminBerangkat",
https://twitter.com/dpwpkbjabar,"Gus Muhaimin diberi mandat oleh kepala desa sebagai tokoh nasional untuk memimpin dan menyatukan Indonesia. 🇮🇩🇮🇩🇮🇩

#budalgus #gusmuhaiminberangkat #nu  #gusmuhaimin #muhaiminiskandar  #pkb #cakimin #syaifulhuda #acepjamaludin  #desa #kades

@dpp_pkb @cakiminow  @syaifulhooda https://t.co/rOucAn9Rwz",
https://twitter.com/parenangi,#CakImin https://t.co/t0CMRJKrfQ,
https://twitter.com/fauzanfuadiFF,"Mandat Desa untuk Indonesia

@cakiminow 

#gusmuhaimin 
#Muhaiminiskandar 
#cakimin 
#cakiminuntukindonesia 
#1pkb 
#pkb 
#pkbjatim 
#konkret https://t.co/Q80NWqnnxw",
https://twitter.com/sofyanachmad49,"Bidal Gus....
#cakimin
#nanangsusanto https://t.co/0nL4iFhF2k",
https://twitter.com/nifrijalrijal,"#Gusmihaimin
#PKB
#cakimin
#ibrahum
#alfianur
#zulkifli
#busra https://t.co/WiZra1D2KN",
https://twitter.com/Indogemilang,setuju gak nih? #airlanggahartarto #golkarindonesia #koalisi #cakimin #capres2024 #prabowo #pilpres2024 @airlangga_hrt https://t.co/tzvGMQ3XbW,
https://twitter.com/nifrijalrijal,"#Cakimin
#dpp_pkb https://t.co/43iRyQSv4Y",
https://twitter.com/beritajatimcom,"Cak Imin Ngaku Tak Tahu Prabowo Temui Khofifah.

Cak Imin mengaku tidak mengetahui pertemuan Ketum Gerindra, Prabowo Subianto dengan Gubernur Jawa Timur, Khofifah Indar Parawansa. --… https://t.co/3Gx9kCeZpR #PolitikPemerintahan #Blitar #Cakimin #Khofifah via @beritajatimcom",
https://twitter.com/mshodiq613,"#Budalgus
#GusMuhaiminBerangkat 
#muhaiminiskandar
#cakimin https://t.co/zmgSjFx9ut",
https://twitter.com/ahmadhellishfau,#JokowiCakImin #JoinKepri2019 #NasionalisReligius FOLLOW | RETWEET | LIKE | KOMEN Jokowi-CakImin https://t.co/fzSefCFXmk,
https://twitter.com/andreasfahmi2,mandat desa untuk indonesia #gusmuhaimin #cakimin https://t.co/lfCSLkOwuC,
https://twitter.com/Kop15achet,"@gaspoll2024 Cakimin for R1, yes?",
https://twitter.com/talkaboutthis__,"Waah Pak Jokowi kasih tanda-tanda niih 

#airlanggahartarto #jokowi #golkarindonesia #indonesia #pemilu #partaipolitik #suryapaloh #nasdem #cakimin #muhaiminiskandar #zulkiflihasan #ridwankamil #ValentinesDay #14february https://t.co/ZYH8CGSZdM",
https://twitter.com/Reneldysch_82,"#BudalGus
#GusMuhainBerangkat
#cakimin
#DPP_PKB https://t.co/XL1geI9lof",
https://twitter.com/netrayID,"Melihat Top 5 popularitas tokoh politik periode ini, 
@CakiminNow dan @RidwanKamil keluar dari 5 besar digantikan dengan @ErickThohir diurutan 4 dan @ganjarpranowo di urutan kelima. 

#rk #ridwankamil #cakimin #tokohpolitik #mediamonitoring",
https://twitter.com/ahmadhellishfau,#JokowiCakImin #JoinKepri2019 #NasionalisReligius FOLLOW | RETWEET | LIKE | KOMEN Jokowi-CakImin https://t.co/QHzFeRdy7U,
https://twitter.com/ahmadhellishfau,#JokowiCakImin #JoinKepri2019 #NasionalisReligius FOLLOW | RETWEET | LIKE | KOMEN Jokowi-CakImin https://t.co/fTcR28eFiE,
https://twitter.com/Batli544264311,"#gusbudal
#muhaiminiskandar 
#cakimin https://t.co/QQsgkvbjPX",
https://twitter.com/dJarotSWibowo,"#cakimin
#BudalGus!
#GusMuhaiminBerangkat https://t.co/6pvAUPQj2I",
https://twitter.com/dJarotSWibowo,"#cakimin
#BudalGus!
#GusMuhaiminBerangkat https://t.co/ATlkiHsc22",
https://twitter.com/muhamma39967166,"Mandat Desa
#BudhaIGus
#muhaiminiskandar
@cakimiNOW 
@DPP_PKB 
@cakimin https://t.co/6JyUfBI8lP",
https://twitter.com/erni_hakim,"Mandat Desa untuk Indonesia
@Cakimin
@EmHasanuddin 
@Jazilul_Fawaid
@DPP_PKB 
@zainul_munas 
@SukoyoKasekpro 
@Brigade01Arwan1 
@hasanroviqi
@Mursyidan10 @Zarmin_s @HasanZulfahmi https://t.co/TY29n52YwU",
https://twitter.com/ThePhraseID,"Ketua Umum Partai Golkar dan Ketua Umum DPP PKB Muhaimin Iskandar langsungkan pertemuan di Senayan sepakat buat politik adem terus.
#ThePhraseID #partaigolkar #pkb #airlanggahartarto #cakimin #partaipolitik #PemiluSerentak2024  @airlangga_hrt @cakimiNOW 
https://t.co/kg9dshbuQs",
https://twitter.com/bengkeldodo,"Simulasi pasangan menurut Mas Saepul ... saya sih setuju ✅️

#prabowo #cakimin kalau kamu piye ? https://t.co/IC1k1xLaZC","Place(id='6d1b5a6ea3fa2390', fullName='Kebumen, Indonesia', name='Kebumen', type='city', country='Indonesia', countryCode='ID')"
https://twitter.com/SedulurU,#gusmuhaimin #cakimin #gusimin #gusmuhaiminpresiden2024 #pkb #pkbmojokerto https://t.co/PIrluITtZ6,
https://twitter.com/RahayaanSanti,"#MandatDesaUntukIndonesia
#CakImin https://t.co/fZmHG14qQ8",
https://twitter.com/ahmadhellishfau,#JokowiCakImin #JoinKepri2019 #NasionalisReligius FOLLOW | RETWEET | LIKE | KOMEN Jokowi-CakImin https://t.co/LTos2TzJOX,
https://twitter.com/Miftahu63151063,"#cakimin 
#berangkat https://t.co/JRSLLr3Zxd",
https://twitter.com/sutiknopkb,"Aamiin...

#cakimin
#1AbadNU 
#sutikno
#sutiinopkb https://t.co/TywBlrX5oC",
https://twitter.com/fauzanfuadiFF,"Ladub gus!

@cakiminow 

#Muhaiminiskandar
#gusmuhaiminpresiden2024 
#gusmuhaimin 
#cakimin 
#1pkb 
#pkb 
#pkbjatim 
#konkret https://t.co/5vQzUOfIhV",
https://twitter.com/abdullah_kusa,"#MandatDesaUntukIndonesia 
#CakImin https://t.co/rMl7swqUJp",
https://twitter.com/AsepRuk75803213,#cakimin https://t.co/2pQUQ5NPKr,
https://twitter.com/widiyanto_tpp,"Aku bolo mu Gus...
Dukung Penuh...

#budalgus 
#presidenku2024
#cakimin
#pkbuntukbangsa https://t.co/YeXWErn5mS",
https://twitter.com/ArhyBrata_,"#BudalGus
#gusmuhaimin
@cakimin
@dpp_pkb
@malik_haramain 
@yusra_daridesa https://t.co/Cy4VXLwrJf",
https://twitter.com/AirlanggaKerja,"Bertemu dengan Ketua Umum DPP Partai Kebangkitan Bangsa (PKB) Bapak Muhaimin Iskandar @cakimiNOW 

Topik lainnya yang dibicarakan tentunya berkaitan dengan kerjasama dalam membangun koalisi jelang Pilpres 2024.

Salam semangat 🙏🏻 #airlanggahartarto #cakimin #golkarindonesia #pkb https://t.co/RHvvL8yVnc",
https://twitter.com/Muhamad65382128,"BudalGus
#cakimin https://t.co/E74pktZrSP",
https://twitter.com/Murni19831015,@CakImin_Bulian Mantap,
https://twitter.com/CakImin_Bulian,"Mandat Desa untuk Indonesia
#budalgus
#GusMuhaiminBerangkat https://t.co/2c1aV7E8MX",
https://twitter.com/AhmadRi06945265,"#BundalGus
#Gus MuhaiminBerangkat
@Cakimin Now https://t.co/AttSNyfjQ0","Place(id='413c7bba7bac61a4', fullName='Central Borneo, Indonesia', name='Central Borneo', type='admin', country='Indonesia', countryCode='ID')"
https://twitter.com/ahmadhellishfau,#JokowiCakImin #JoinKepri2019 #NasionalisReligius FOLLOW | RETWEET | LIKE | KOMEN Jokowi-CakImin https://t.co/PpUcf0Grq9,
https://twitter.com/derasdotid,"Cak Imin dan Airlangga mengisyaratkan peluang peleburan koalisi menjelang Pemilu 2024. Namun hal ini masih menjadi tanda tanya. Cek dulu ya video ini. 

#cakimin #derasdotid #airlanggahartarto #gusmuhaimin #pemilu2024 https://t.co/MPOsuwEdv3",
https://twitter.com/ahmadhellishfau,#JokowiCakImin #JoinKepri2019 #NasionalisReligius FOLLOW | RETWEET | LIKE | KOMEN Jokowi-CakImin https://t.co/f5nYIlztpd,
https://twitter.com/PKB_Bojonegoro,"Reposted from @muhaimin.squad 
Salah satu yang patut di contoh,
 @aeshnina Aktivis cilik yg mencintai lingkungan.😇

Anak muda ayo cintai lingkungan, stop sampah plastik❗️

#MuhaiminIskandar
#GusMuhaimin
#CakImin
#NextPresident2024 https://t.co/JL8CyldUPo",
https://twitter.com/warna_nusa,"Cak Imin Ketemuan dengan Airlangga Hartarto, Ada Apa Nih? Rocky Gerung: Pertemuan Semacam Ini Sebetulnya ...

#cakimin #airlanggahartarto #rockygerung
https://t.co/htWngzkE0H",
https://twitter.com/TeknokratJawa,#airlanggahartarto #cakimin #prabowo #gerindra #golkarindonesia https://t.co/bsgsG5GLOH,
https://twitter.com/ahmadhellishfau,#JokowiCakImin #JoinKepri2019 #NasionalisReligius FOLLOW | RETWEET | LIKE | KOMEN Jokowi-CakImin https://t.co/xh1wMYkMWD,
https://twitter.com/AirlanggaBkarya,"PKB bertemu Golkar sinyal memberi peluang koalisi
@airlangga_hrt #airlanggahartarto #golkarindonesia #partaipkb #cakimin #istorasenayan #beritaterkini #infopolitik #viralpolitik #politikindonesia #beritahariini #news #teupdate https://t.co/2nL8CncxKG",
https://twitter.com/dpwpkbjabar,"Day 2: Uji Kelayakan dan Kepatutan Bacaleg DPRD Provinsi Se-Jawa Barat.

Ketika kita meyakini bahwa kita layak, maka majulah dan sejahterakanlah masyarakat kita. 😉

#nu #1abadnu #gusmuhaimin #muhaiminiskandar #anakyatim #pkb #cakimin #syaifulhuda #acepjamaludin #caleg #dewan https://t.co/VG3t6fSNRf",
https://twitter.com/PemimpinNegeri,Airlangga Hartarto bertemu dengan Cak Imin #golkarindonesia #airlanggahartarto #CakImin https://t.co/1Sqag45t7H,
https://twitter.com/IndonesiaEmas24,"Golkar-PKB, jalan bareng ""perlahan tapi pasti"".

#GolkarIndonesia #PKB #AirlanggaHartarto #CakImin #Pemilu2024 https://t.co/7NudPxVkYd",
https://twitter.com/khakavu,"#RamaikanPKB_DenganRiangGembira
#GusMuhaimin
#CakImin https://t.co/WBXe5YuwOx",
https://twitter.com/ahmadhellishfau,#JokowiCakImin #JoinKepri2019 #NasionalisReligius FOLLOW | RETWEET | LIKE | KOMEN Jokowi-CakImin https://t.co/GRHhouiNHe,
https://twitter.com/ahmadhellishfau,#JokowiCakImin #JoinKepri2019 #NasionalisReligius FOLLOW | RETWEET | LIKE | KOMEN Jokowi-CakImin https://t.co/eLfw9Ega2A,
https://twitter.com/ahmadhellishfau,#JokowiCakImin #JoinKepri2019 #NasionalisReligius FOLLOW | RETWEET | LIKE | KOMEN Jokowi-CakImin https://t.co/1KCYuiKgXW,
https://twitter.com/ahmadhellishfau,#JokowiCakImin #JoinKepri2019 #NasionalisReligius FOLLOW | RETWEET | LIKE | KOMEN Jokowi-CakImin https://t.co/JMNBRAc1WN,
https://twitter.com/SedulurU,"Bangga jadi Santri. Fastabiqul Khoirot memasuki abad ke 2 NU

#satuabadnu #1abadnu #gusmuhaimin #cakimin #gusimin #gusmuhaiminpresiden2024 #pkb #pkbmojokerto https://t.co/BVJfYpM8mh",
https://twitter.com/sutiknopkb,"Kemeriahan pagelaran wayang kulit dalam rangka memperingati 1 abad NU di Posko Sutikno, (Jumat, 10/2).

#1abadnu 
#cakimin 
#sutikno 
#sutiknopkb https://t.co/yTDIpoum80",
https://twitter.com/xix0_3,"@HazHasibuan @AndiDarwis71 @cakimiNOW Betul bang, kasian kuliatnya 😂
Sekarang ini ada 2 orang yang lagi terganggu psikologi-nya yaitu CakImin dan BangGanjar. Perlua Healing time 😆 https://t.co/6lELIXwwLS",
https://twitter.com/bangsa_radar,#golkarindonesia #pkb #satukoalisi #airlanggahartarto #cakimin @golkar_id @ https://t.co/09DqELlGM3,
https://twitter.com/xix0_3,"@HazHasibuan @AndiDarwis71 @cakimiNOW Hubungan lagi di gantung kek gantungan kunci 🔑
mau cere ntar nggak dinafkahi 😉
CakImin lagi DILEMA 😂",
https://twitter.com/ahmadhellishfau,#JokowiCakImin #JoinKepri2019 #NasionalisReligius FOLLOW | RETWEET | LIKE | KOMEN Jokowi-CakImin https://t.co/H2bwMi9yjb,
https://twitter.com/Abbasyahrir,#CakImin Sukses selalu https://t.co/TBtof1g17b,
https://twitter.com/kamsaniyyyuuu,"#cakimin
#PKBuntukBangsa https://t.co/ONoTYGXaPs",
https://twitter.com/kemilau_negeri,"#airlanggahartarto #golkarindonesia #gusmuhaimin #cakimin #pemilu2024

@airlangga_hrt https://t.co/5ZYVxIxN3l",
https://twitter.com/Info_parlemen,Apakah Koalisi Kebangkitan Indonesia Raya akan bersatu dengan Koalisi Indonesia Bersatu? #airlanggahartarto #golkarindonesia #cakimin #PKBuntukBangsa #HogwartLegacy #capres2024 #pemilu2024 #PemiluSerentak2024 https://t.co/yXprUA8xX9,
https://twitter.com/bapakbangsa__,#pkb #cakimin #airlanggahartarto #golkarindonesia #koalisi #pemilu https://t.co/56MfaB6Lg0,
https://twitter.com/mutiarajawa_,#AirlanggaHartarto #GolkarIndonesia #CakImin #tolakkemundurandemokrasi #fypシ @airlangga_hrt https://t.co/5hGhaKz5SM,
https://twitter.com/PembawaPerubahn,PKB gabug Partai Golkar ? #airlanggahartarto #golkarindonesia #pkb #cakimin #koalisi https://t.co/BoO07PH5OQ,
https://twitter.com/DLulung,"#GusMuhaiminTeruji 
#cakimin https://t.co/kuEjPDtdKA",
https://twitter.com/Democrazy___id,#golkarindonesia #pkb #cakimin #airlanggahartarto #koalisi #pemilu https://t.co/DE5bFUfkQd,
https://twitter.com/Seputar2024,#AirlanggaHartarto #GolkarIndonesia #CakImin #PKB #KoalisiIndonesiaBersatu https://t.co/aA5FN0apBw,
https://twitter.com/mbangunbangsa,#AirlanggaHartarto #golkarindonesia #golkar #pkb #capres #Capres2024 #cakimin https://t.co/EMBowT6uCb,
https://twitter.com/KembangBeringin,"#GolkarIndonesia
#AirlanggaHartarto
#PKB
#CakImin
#PartaiPolitik @airlangga_hrt https://t.co/clzFoeh1eR",
https://twitter.com/Harapan__Bangsa,#AirlanggaHartarto #PartaiGolkar #GolkarIndonesia #CakImin #PKB https://t.co/gkPGJUgjtJ,
https://twitter.com/g_politik2024,"Saling pakaikan sarung kuning dan hijau jadi simbol kolaborasi @golkar_id - PKB 

#airlanggahartarto #cakimin #golkarindonesia #PKB #politik Hujan Malming https://t.co/a9pRuJG3El",
https://twitter.com/airlangga_suara,#airlanggahartarto #golkarindonesia  #suaraairlangga #cakimin @airlangga_hrt @golkar_id https://t.co/QZGjVyfKWl,
https://twitter.com/idnbersatu2024,"Jalan2 ke Taman Safari eehh.. Hujan turun pas di kandang macan, macan basah keujanan. @airlangga_hrt @golkar_id #airlanggahartarto #golkarindonesia #news #viral #indonesia #cakimin #pkb https://t.co/WG0paySMbj",
https://twitter.com/MenujuIndJaya,#AirlanggaHartartoto #cakimin #GolkarIndonesia #pkb #PartaiGolkar #Golkar2024 #GolkarMenang https://t.co/969uYJSJ8x,
https://twitter.com/GenzReferensi,#airlanggahartarto #cakimin #golkarindonesia #pkb #koalisipemilu2024 https://t.co/BllYYZJP7P,
https://twitter.com/putuagenggribig,ADA APA NIH AIRLANGGA HARTARTO DITEMUI CAK IMIN. #AirlanggaHartarto #GolkarIndonesia #PKB #CakImin #viral #trending #FYP https://t.co/fUkbdEUHqg,
https://twitter.com/PelesDien,"#DPP_PKB
#PKB
#gusmuhaimin #Cakimin https://t.co/0Ixgky0gJM",
https://twitter.com/SitiYun43678029,"#GusMuhaiminteruji 
#cakimin https://t.co/GjB09hLujY",
https://twitter.com/wawanprasetia21,11 Feb 2023 - Peringatan 1 Abad Nahdlatul Ulama di Kalurahan Pondokrejo Tempel yg dihadiri oleh 40 peserta dan Majelis Wakil Cabang NU. Selamat Harlah Nahdlatul Ulama kw-100 tahun! #1AbadNU #SatuAbadNU #HarlahSatuAbadNU #cakimin #MuhaiminIskandar https://t.co/ztjYkJ8eRJ,
https://twitter.com/trahmangkunega1,"#cakimin #pkb #AirlanggaHartarto #PartaiGolkar 
#GolkarIndonesia #Golkar2024 
#GolkarMenang #kerjauntukindonesiaraya https://t.co/j7Jykp5nyE",
https://twitter.com/NurulUt90802951,#cakimin https://t.co/PoQ9ok3DW1,
https://twitter.com/SutiknoG86,"Harmoni PKB-NU
#cakimin
 https://t.co/SbLWfzNGWM",
https://twitter.com/gaspoll2024,"Gus Muhaimin dan Airlangga Hartarto jalan santai di Istora Senayan, bahas apa ya kira-kira?!

#gaspoll #GusMuhaiminAsikPoll #CakImin #Airlangga #senayan #jalansantai https://t.co/k4MPdfkxGZ",
https://twitter.com/AirlanggaUmkm,"#cakimin #pkb #AirlanggaHartarto #PartaiGolkar 
#GolkarIndonesia #Golkar2024 
#GolkarMenang #kerjauntukindonesiaraya https://t.co/PNXNIbOscn",
https://twitter.com/dpwpkbjabar,"Ketika kita meyakini bahwa kita layak, maka majulah dan sejahterakanlah masyarakat kita. 😉
#nu #1abadnu #gusmuhaimin #muhaiminiskandar  #pkb #cakimin #syaifulhuda #acepjamaludin #caleg #dewan
PKB Ka-1
Jabar Nga-1
@dpp_pkb @cakiminow @emhasanuddin @syaifulhooda @AcepJamaludin01 https://t.co/5RrM9rYpJ6",
https://twitter.com/Dsmulya,"Harmoni PKB-NU
#cakimin https://t.co/6x8575jDGE",
https://twitter.com/bapak_ekonomi,#AirlanggaHartarto #GolkarIndonesia #PKB #CakImin #Senayan https://t.co/yMJ3wdEaIW,
https://twitter.com/FatihBabul,"Bismillah lancar mulus sukses
#dpppkb
#cakimin 
# https://t.co/9l9wJoHpMZ",
https://twitter.com/RakyatSejahter4,"Hujan dimana2, ditempat kalian hujan ga? @airlangga_hrt @airlangga_hrt #airlanggahartarto #golkarindonesia #news #viral #Indonesia #pkb #cakimin https://t.co/8CKDKWUxY7",
https://twitter.com/KoncoAirlangga,"#AirlanggaHartarto #GolkarIndonesia #Jokowi #GanjarPranowo #AniesBaswedan #cakimin #pkb 
Fast X https://t.co/NKJ7c0iPv7",
https://twitter.com/Gus_Rowlovers,"#MWCNUUmbulsari
#PCNU
#PWNU
#PBNU
#DPACPKBUmbulsari
#DPCPKB
#DPWPKB
#DPPPKB
#CakImin
#NurYasin
#CakAyub
#Laskarijo
#BNY
#Gusrowlovers https://t.co/TS66PRPetx",
https://twitter.com/tribunnewswiki,Cak Imin Mengaku Sudah Lapor Prabowo Sebelum Bertemu Airlangga Hartarto #cakimin #muhaiminiskandar #airlangghartarto #Prabowo https://t.co/l7s11f1ED7,
https://twitter.com/SedulurAH,#AirlanggaHartarto #golkarindonesia #PKB #cakimin https://t.co/XPiIi7Dtph,
https://twitter.com/PD_TJA,"@tppkemendes
@cakimin https://t.co/xRMfRv9bV5",
https://twitter.com/Info_parlemen,#AirlanggaHartarto #golkarindonesia #Pemilu2024 #Capres2024 #cakimin #PKB #kib #YouNetflix https://t.co/jUzWoFCVDW,
https://twitter.com/wartaHterkini,#airlanggahartarto #golkarindonesia #cakimin #pkb #koalisi #INDvAUS #คิมซอนโฮ #fridaymorning #depremzede #에이요_두번째_1위_축하해 https://t.co/1BJ1zQnnYo,
https://twitter.com/mbangunbangsa,#AirlanggaHartarto #golkarindonesia #golkar #indonesia #pkb #cakimin #politikindonesia #Capres2024  #viralindonesia https://t.co/OGJMUj8GTE,
https://twitter.com/GImenang2024,#airlanggahartarto #cakimin #golkarindonesia #pkb #silaturahmi https://t.co/vLXY4xPl8T,
https://twitter.com/GenzReferensi,#airlanggahartarto #cakimin #golkarindonesia #pkb #pemilu2024 https://t.co/cKsNl3Qmue,
https://twitter.com/kerjabersama_AH,#airlanggahartarto #cakimin #airlanggahartarto2024 #golkarindonesia https://t.co/jhTAnvrMhI,
https://twitter.com/langkah_nyata,#INDvAUS #golkarindonesia #airlanggahartarto #kerjauntukindonesia #cakimin #wakilrakyat #pemilu2024 https://t.co/IMKqSQK1S0,
https://twitter.com/AhmadFu49615361,"Harmoni PKB-NU

@baGUSMUHAIMIN24 
@cakimiNOW 
@DPP_PKB 
@FraksiPKB 
@cakiminnow 
@CakIminSahabat 
@CakImin4Wapres 
@sahabat_cakimin 
@CakImin63231343 
@PKBno1 
@voiceofpkb 
@pkbjawatengah 
@pkb
#pkb
#muhaeminiskandar https://t.co/PigqMHsg54",
https://twitter.com/Jantung_Bangsa,"Giliran PKB yang bertemu dengan partai Golkar, apakah tanda ingin bergabung dalam koalisi ?? 

#airlanggahartarto #golkarindonesia #pertemuan #pkb #join #indonesia #cakimin #viral #fypシ 

@airlangga_hrt @golkar_id https://t.co/9dIcAfgrmD",
https://twitter.com/mediaindonesia,"""Ada souvernir buat Pak Muhaimin. Ini isinya sarung dua warna, kuning dan hijau,"" kata Airlangga di kawasan GBK, Jakarta, Jumat (10/2).
#MediaIndonesia #ReferensiBangsa #CakImin
Sumber: https://t.co/TyhTrksQy9",
https://twitter.com/Airlangga_nomic,"Dalam pertemuannya dengan Cak Imin, Airlangga mendorong DPR agar Perppu Cipta Kerja segera disetujui.

#AirlanggaHartarto #GolkarIndonesia #PKB #CakImin https://t.co/itmmynK1XP",
https://twitter.com/AriAndie8,"#HarmoniPKBNU
#cakimin
#halimiskandar 
#PKBuntukBangsa 
#PKB 
#cakiminnow
@PkbKalteng 
@Habib_Ismail_CK https://t.co/EihF4gKjPP",
https://twitter.com/RayatiLeonardo,"#HarmoniPKBNU
#cakimin
#halimiskandar 
#PKBuntukBangsa 
#PKB 
#cakiminnow
@PkbKalteng 
@Habib_Ismail_CK https://t.co/nCRzoLTDTA",
https://twitter.com/KoeningKoersi,Kode koalisikah? #golkarindonesia #PKB #airlanggahartarto #cakimin #koalisi #KIB https://t.co/b5PUJMAlsh,
https://twitter.com/SitinjakKristin,"#HarmoniPKBNU
#cakimin
#halimiskandar 
#PKBuntukBangsa 
#PKB 
#cakiminnow
@PkbKalteng 
@Habib_Ismail_CK https://t.co/XCcea9ZxwE","Place(id='413c7bba7bac61a4', fullName='Central Borneo, Indonesia', name='Central Borneo', type='admin', country='Indonesia', countryCode='ID')"
https://twitter.com/Bolo_Airlangga,#AirlanggaHartarto #GolkarIndonesia #Jokowi #GanjarPranowo #AniesBaswedan #cakimin #pkb https://t.co/dv9A1WjVve,
https://twitter.com/akbar_latiful,"#HarmoniPKBNU
#cakimin
#halimiskandar 
#PKBuntukBangsa 
#PKB 
#cakiminnow
@PkbKalteng 
@Habib_Ismail_CK https://t.co/sVjq2NN47B","Place(id='413c7bba7bac61a4', fullName='Central Borneo, Indonesia', name='Central Borneo', type='admin', country='Indonesia', countryCode='ID')"
https://twitter.com/Murni19831015,"#HarmoniPKBNU
#cakimin
#halimiskandar 
#PKBuntukBangsa 
#PKB 
#cakiminnow https://t.co/ZxG6qIif6A",
https://twitter.com/KoncoAirlangga,"#AirlanggaHartarto #GolkarIndonesia #Jokowi #GanjarPranowo #AniesBaswedan #cakimin #pkb #PrayForPapua #persibday 
Noel
Bali united https://t.co/zU8cjlNHko",
https://twitter.com/muhamma39967166,"Harmoni PKB-NU
@cakimiNOW 
@cakimin 
@DPP_PKB 
@BagusMuhaiminS1 https://t.co/CYTnUzFkR0",
https://twitter.com/dpwpkbjabar,"PKB Ka-1
Jabar Nga-1
Begitulah seruan masyarakat saat giat Foodbank siang td di daerah kawaluyaan kota Bandung

#Foodbank #giveaway #makanan #bandung #GusMuhaimin #cakimin #MuhaiminIskandar #syaifulhuda #braja  #umkm #emak

@dpp_pkb @cakiminow @syaifulhooda @AcepJamaludin01 https://t.co/ozaQJK6cvB",
https://twitter.com/Airlangga_nomic,"Apakah warna kuning dan hijau akan bersatu dalam satu 'sarung'? Kita lihat saja nanti👀

#AirlanggaHartarto #GolkarIndonesia #PKB #CakImin https://t.co/EqCWY2U2rJ",
https://twitter.com/Arsad881,"#Harmoni NU dan PKB
#Cakimin Now
#gusmuhaimin 
#P3MD Kalteng https://t.co/QzeqjdDHiG",
https://twitter.com/Saiffaizan3,"Harmoni Pkb dan NU
#@Cakimin
#@DppPkb
#@Acehtpp https://t.co/wdtQfq3Vdl",
https://twitter.com/Husainaziz96,"Untuk Indonesia Maju dan Sejahtera.
@cakimiNOW @airlangga_hrt 
@MuhaiminSquad 
#gusmuhaimin #cakimin #muhaiminsquad #Indonesia https://t.co/T2efQj5LlS",
https://twitter.com/SuparmanSei,"Selamat dan sukses Satu Abad Nahdlatul Ulama, 1344 - 1444 H.
Semoga keberkahan selalu menyertai Nahdlatul Ulama dan kita semua. Aminn!

#gaspoll #GusMuhaiminAsikPoll #CakImin #SatuAbadNU #NahdlatuUlama #NU #HarlahSatuAbadNU
https://t.co/PjSQKqvduB",
https://twitter.com/SuparmanSei,"Selamat dan sukses Satu Abad Nahdlatul Ulama, 1344 - 1444 H.
Semoga keberkahan selalu menyertai Nahdlatul Ulama dan kita semua. Aminn!

#gaspoll #GusMuhaiminAsikPoll #CakImin #SatuAbadNU #NahdlatuUlama #NU #HarlahSatuAbadNU https://t.co/NQXkUzOIcf",
https://twitter.com/politikonoha,"Ini Dating App apasih match terus😂

#airlanggahartarto #gibranrakabumingraka #puanmaharani #cakimin #suryapaloh #golkar #pdiperjuangan #pkb #nasdem #datingapp #bumble #politik #pilpres2024 #koalisi #blusukan #pemilu2024 https://t.co/Acj5Fme68Q",
https://twitter.com/SuparmanSei,"Selamat dan sukses Satu Abad Nahdlatul Ulama, 1344 - 1444 H.
Semoga keberkahan selalu menyertai Nahdlatul Ulama dan kita semua. Aminn!

#gaspoll #GusMuhaiminAsikPoll #CakImin #SatuAbadNU #NahdlatuUlama #NU #HarlahSatuAbadNU https://t.co/UEtLOQfgP4",
https://twitter.com/TeknokratJawa,#cakimin #airlanggahartarto #golkarindonesia https://t.co/2lew3qL82G,
https://twitter.com/ThomasSunjaya,"@OposisiCerdas erlangga diancem mukidi lewat sprindik.
cakimin diancem mukidi lewat kasus kardus.

Sebaiknya mereka berdua bergabung supaya kuat. Setelah itu sebaiknya mereka berdua dukung Anis.",
https://twitter.com/poskotanetwork,"Ketua Umum DPP Partai Golkar, Airlangga Hartarto dan Ketua Umum Partai Kebangkitan Bangsa, Abdul Muhaimin menggelar pertemuan untu membahas koalisi. Airlangga mengatakan, pertemuan tersebut saling mengajak untuk bergabung dengan koalisinya.

#cakimin #airlanggahartarto  #poskota https://t.co/ofTNnrmtP2",
https://twitter.com/YasriYurdi,"Hasil Komunikasi Politik Cak Imin dan Airlangga Hartarto, KIB dan Koalisi Gerindra-PKB Berpotensi Bergabung https://t.co/4na7eiIT8Z. #PKB #Golkar #CakImin, #AirlanggaHartarto @airlangga_hrt 
#komunikasipolitk #KIB #KIR #Gerindra",
https://twitter.com/KoeningKoersi,kira - kira bahas apa ya? #airlanggahartarto #cakimin #golkarindonesia #PKB #senayan #GBK https://t.co/vfJKiHxDwd,
https://twitter.com/ahmadhellishfau,#JokowiCakImin #JoinKepri2019 #NasionalisReligius FOLLOW | RETWEET | LIKE | KOMEN Jokowi-CakImin https://t.co/vDI9Y13cKk,
https://twitter.com/ahmadhellishfau,#JokowiCakImin #JoinKepri2019 #NasionalisReligius FOLLOW | RETWEET | LIKE | KOMEN Jokowi-CakImin https://t.co/KdnKo3GnBy,
https://twitter.com/ahmadhellishfau,#JokowiCakImin #JoinKepri2019 #NasionalisReligius FOLLOW | RETWEET | LIKE | KOMEN Jokowi-CakImin https://t.co/ibuJfGWjhx,
https://twitter.com/murianewscom,"Airlangga dan Cak Imin Buka Peluang Lebur KIB-KIR 

Selengkapnya Klik Tautan Berikut ini 
#Jakarta #airlangga #cakimin #kib #kir 

https://t.co/qZjxUWm5vN",
https://twitter.com/Kop15achet,@DPP_PKB @cakimiNOW Cakimin pancen oyyee,
https://twitter.com/medcom_id,"Ketum PKB @cakimiNOW disebut absen di Resepsi Hari Lahir (Harlah) 1 Abad Nahdlatul Ulama di Stadion Gelora Delta Sidoarjo, Selasa, 7 Februari 2023. Cak Imin hadir di acara itu, tapi tidak sampai ke titik lokasi karena terkendala macet

#cakimin #1abadNU 

https://t.co/6k7WCr5D3y",
https://twitter.com/portalmediaid,"Bertemu Cak Imin, Airlangga: Kalau Golkar-PKB Berkoalisi, Cukup untuk Tiket Capres

Baca Selengkapnya: https://t.co/aCabWr6LkQ

#BeritaTerkini #media #Online #news #BreakingNews #cakimin #airlanggahartarto #golkar #PKB #koalisi #tiket #capres #politik #Indonesia",
https://twitter.com/ThomasSunjaya,"@Tan_Mar3M mukidi ini salah langkah di akhir jabatannya.
dia bikin banyak musuh. 
erlangga diancem sprindik. cakimin diancem kasus. zulhaz diancem kasus. nazdem diancem reshuffle. pedipeh dimusuhin. 
jadi dia berharap ke gerinda.",
https://twitter.com/tribunjambiku,"Ketum PKB Cak Imin Belum Ikuti Ajakan Airlangga untuk Gabung KIB
 
https://t.co/mjPQy05ES2 via @tribunjambiku 

#Golkar #AirlanggaHartarto #PartaiKebangkitanBangsa #Muhaiminiskandar #CakImin",
https://twitter.com/ahmadhellishfau,#JokowiCakImin #JoinKepri2019 #NasionalisReligius FOLLOW | RETWEET | LIKE | KOMEN Jokowi-CakImin https://t.co/GcW6mhehMN,
https://twitter.com/Off1Lelanurlela,"SejarahPKB
#DPPPKB
#cakimin
#Syaefulhuda
#DppPKBJabar
#PKBKarawng
#DPWPKBJabar https://t.co/90579MH03G",
https://twitter.com/ahmadhellishfau,#JokowiCakImin #JoinKepri2019 #NasionalisReligius FOLLOW | RETWEET | LIKE | KOMEN Jokowi-CakImin https://t.co/ozvq1ScPl6,
https://twitter.com/amaliaulfa82,"#SejarahPKB 
#SatuAbadNU 
#Cakimin https://t.co/wNf3M1xoJm",
https://twitter.com/tmking607,"#SejarahPKB 
@cakimin https://t.co/sUCzBeMUfI",
https://twitter.com/muhamma39967166,"Sejarah PKB
@cakimiNOW 
@cakimin 
@DPP_PKB 
@halimiskandarnu 
@malik_haramain 
@imansyukri https://t.co/M12k5X6NK8",
https://twitter.com/UlilAmri909,"Sejarah PKB
#Cakimin https://t.co/1mfmpYAU4P",
https://twitter.com/ahmadhellishfau,#JokowiCakImin #JoinKepri2019 #NasionalisReligius FOLLOW | RETWEET | LIKE | KOMEN Jokowi-CakImin https://t.co/Wa9ujTNfO7,
https://twitter.com/dpwpkbjabar,"Warga NU wajib mendukung &amp; Memelihara PKB 😉

#survey #politik #pemilu2024 #pilpres2024 #GusMuhaimin #MuhaiminIskandar #cakimin #syaifulhuda #ajamacepjamaludin #pkb #partai

@dpp_pkb @cakiminow @emhasanuddin @syaifulhooda @AcepJamaludin01 https://t.co/isT0bD1fKX",
https://twitter.com/cangkiropini,"Ada apa dengan 1 Abad NU (read Cak Imin)?
.
.
.
#pkb #pbnu #nahdlatululama #nu #1abadnu #cakimin #cangkiropini #opini https://t.co/Mix8MCMXWS",
https://twitter.com/YasriYurdi,"Gerindra: Keputusan Cawapres Bersama PKB, Cak Imin Langsung Safari Politik Bujuk Golkar Bergabung https://t.co/wGOTZqXWlX #CakImin #Prabowo #PKB #Gerindra #KoalisiPKBGerindra #Capres2024 #Cawapres2024 #Pilpres2024 #SafariPolitikCakImin",
https://twitter.com/PKB_Bojonegoro,"""Jadi Wartawan Itu Mulia.""
-@cakimiNOW

Selamat Hari Pers Nasional 2023.🥳🥳

#MuhaiminIskandar
#GusMuhaimin
#CakImin
#NextPresident2024
#Muhaiminsquad https://t.co/UFUkB9xDQF",
https://twitter.com/ahmadhellishfau,#JokowiCakImin #JoinKepri2019 #NasionalisReligius FOLLOW | RETWEET | LIKE | KOMEN Jokowi-CakImin https://t.co/bRR5tnPerN,
https://twitter.com/ahmadhellishfau,#JokowiCakImin #JoinKepri2019 #NasionalisReligius FOLLOW | RETWEET | LIKE | KOMEN Jokowi-CakImin https://t.co/yzj9WrUB2I,
https://twitter.com/fauzanfuadiFF,"Selamat &amp; Sukses
HARI PRES NASIONAL

#1pkb 
#pkb 
#pkbjatim 
#muhaiminiskandar 
#gusmuhaimin 
#cakimin 
#fauzanfuadi 
#konkret 
#bojonegorotuban https://t.co/8Y1CFQVP7i",
https://twitter.com/Kop15achet,"@DPP_PKB Pokoke cakimin for 2024, yes?",
https://twitter.com/ahmadhellishfau,#JokowiCakImin #JoinKepri2019 #NasionalisReligius FOLLOW | RETWEET | LIKE | KOMEN Jokowi-CakImin https://t.co/qXHwNR63I8,
https://twitter.com/ThePhraseID,"Presiden Jokowi buka suara tanggapi usulan Ketua Umum PKB Cak Imin yang menyebut peran gubernur tidak perlu dan harus dihapuskan.
#ThePhraseID #gubernur #Jokowi #cakimin #PKB #PemiluSerentak2024 @jokowi @cakimiNOW 
https://t.co/yjZkB3Ucjd",
https://twitter.com/sutiknopkb,"PKB memberikan manfaat besar bagi bangsa

@dpp_pkb @cakiminow @darussalam.2876 

#pkbuntukbangsa
#cakimin 
#sutikno 
#sutiknopkb https://t.co/hI6kQgSt6I",
https://twitter.com/djuma_b,"#PKBmajuUktukBangsa
#Cakimin@bagusMUHAIMIN2024 https://t.co/QQBAbQkMOz",
https://twitter.com/julianto_elpin,"#PKBuntukBangsa
#Cakimin now https://t.co/PrLqLET4o7",
https://twitter.com/AkhZaini14,"PKB memberikan Manfaat Besar Bagi Bangsa 👍
@cakimiNOW
@DPP_PKB 
#muhaiminiskandar
#cakimin
#gusmuhaimin 
#pkb 
#1AbadNU https://t.co/uSAHEDU7KE",
https://twitter.com/dpwpkbjabar,"Yuk kita ini jadikan bahan intropeksi 

#nu #1abadnu #gusmuhaimin #muhaiminiskandar #anakyatim #pkb #cakimin #syaifulhuda #acepjamaludin #habibsyarief

PKB ka-1
Jabar nga-1

@dpp_pkb @cakiminow @emhasanuddin @syaifulhooda @AcepJamaludin01 https://t.co/EtrzzdcUOu",
https://twitter.com/khakavu,"#PKBUntukBangsa 

#GusMuhaimin
#CakImin https://t.co/kKBH8Y5SDI",
https://twitter.com/CakImin_Bulian,"#PKBUntukBangsa 
@cakimiNOW https://t.co/rsxZE9RlGp",
https://twitter.com/fatwin_yr,"Selamat dan sukses Satu Abad Nahdlatul Ulama, 1344 - 1444 H.
Semoga keberkahan selalu menyertai Nahdlatul Ulama dan kita semua. Aminn!

#gaspoll #GusMuhaiminAsikPoll #CakImin #SatuAbadNU #NahdlatuUlama #NU #HarlahSatuAbadNU https://t.co/tUymuoYFDN",
https://twitter.com/muhamma39967166,"#PKBUntukBangsa 
@cakimiNOW
@cakimin 
@BagusMuhaiminS1 
@DPP_PKB https://t.co/izPbGA8Nez",
https://twitter.com/nurians27222202,"Selamat dan sukses Satu Abad Nahdlatul Ulama, 1344 - 1444 H.
Semoga keberkahan selalu menyertai Nahdlatul Ulama dan kita semua. Aminn!

#gaspoll #GusMuhaiminAsikPoll #CakImin #SatuAbadNU #NahdlatuUlama #NU #HarlahSatuAbadNU https://t.co/JV2sgKFdYa",
https://twitter.com/Ujangahmadrifa3,#pkbuntulbangsa@cakimin naw https://t.co/TpEcVoO5IK,
https://twitter.com/AbdulMu17634174,"Selamat dan sukses Satu Abad Nahdlatul Ulama, 1344 - 1444 H.
Semoga keberkahan selalu menyertai Nahdlatul Ulama dan kita semua. Aminn!

#gaspoll #GusMuhaiminAsikPoll #CakImin #SatuAbadNU #NahdlatuUlama #NU #HarlahSatuAbadNU https://t.co/WJS8MSLiB6",
https://twitter.com/pkbkotabatu,"Siap

@DPP_PKB @dpwpkbjatim_ @cakimiNOW @EmHasanuddin @caknur_rochman 

#gusmuhaimin #cakimin #gusmuhaimin2024 #caknur #caknurochman https://t.co/zayQhpV8O1","Place(id='3f27577166e27cdc', fullName='Batu, Indonesia', name='Batu', type='city', country='Indonesia', countryCode='ID')"
https://twitter.com/Kop15achet,"@ch_chotimah2 NU ya PKB, PKB ya cakimin. Halu kamu nol..",
https://twitter.com/RADARSOLO_,"Tanggapan Rudy Terkait Statement Cak Imin Soal Penghapusan Jabatan Gubernur
#gubernur #cakimin 
@cakimiNOW 
https://t.co/vFJKpETeOg",
https://twitter.com/nurians27222202,"Selamat dan sukses Satu Abad Nahdlatul Ulama, 1344 - 1444 H.
Semoga keberkahan selalu menyertai Nahdlatul Ulama dan kita semua. Aminn!

#gaspoll #GusMuhaiminAsikPoll #CakImin #SatuAbadNU #NahdlatuUlama #NU #HarlahSatuAbadNU https://t.co/xqcshj9lx2",
https://twitter.com/TopanOryza,"Bumdes/Bumdesma melayani Indonesia
@halimiskandarnu 
@cakimiNOW 
@cakimin 
@tppkemendes 
@MalikHaramain64 
@imansyukri 
@DPP_PKB https://t.co/roXDKFtfxB",
https://twitter.com/dalikum06,"@KompasTV Kalangan NU  Gus Durian , kalangan NU kultural  d pedesaan susah utk memilih cakimin..",
